estacion_origen,estacion_destino,hora_del_dia,dia_semana,num_transbordos,pasajeros_en_sistema,tiempo_estimado_min,origen_enc,destino_enc,cluster_kmeans,cluster_dbscan
Centro,Norte,6,3,1,470,26,0,5,0,-1
Sur,Centro,7,4,2,220,28,7,0,2,-1
Centro,Universidad Del Quindio,18,6,0,287,14,0,9,1,-1
Centro,El Bosque,3,2,0,199,14,0,1,3,-1
Terminal Del Sur,Norte,1,3,0,87,11,8,5,3,17
Estadio Centenario,Mercado Minorista Quindiano,20,0,0,107,15,2,4,1,-1
Terminal Del Sur,El Bosque,11,0,1,98,26,8,1,2,-1
Sur,Universidad Del Quindio,9,3,0,387,24,7,9,0,-1
Sur,El Bosque,14,5,1,100,27,7,1,2,-1
Centro,Universidad Del Quindio,22,3,0,113,18,0,9,1,2
La Clarita,El Bosque,2,4,1,100,22,3,1,2,-1
Estadio Centenario,Centro,20,0,1,67,19,2,0,2,-1
Estadio Centenario,El Bosque,13,1,1,58,25,2,1,2,12
La Clarita,Portal Del Quindio,20,1,1,133,27,3,6,2,0
Portal Del Quindio,La Clarita,14,3,2,57,36,6,3,2,-1
Centro,Universidad Del Quindio,2,5,0,130,13,0,9,3,1
La Clarita,Sur,17,3,0,201,23,3,7,1,2
Portal Del Quindio,La Clarita,5,5,1,155,19,6,3,2,-1
Centro,Portal Del Quindio,21,4,0,195,19,0,6,1,2
Portal Del Quindio,Sur,11,1,0,63,24,6,7,3,19
El Bosque,Terminal Del Sur,15,6,0,89,14,1,8,1,-1
La Clarita,Norte,15,4,0,131,24,3,5,1,2
Norte,Mercado Minorista Quindiano,20,1,0,173,22,5,4,1,-1
Centro,El Bosque,8,4,1,214,28,0,1,2,-1
La Clarita,Portal Del Quindio,0,0,1,120,24,3,6,3,-1
Universidad Del Quindio,Sur,23,0,0,185,17,9,7,1,-1
Portal Del Quindio,Terminal Del Sur,10,2,0,130,17,6,8,3,1
Terminal Del Sur,Mercado Minorista Quindiano,2,2,1,82,26,8,4,2,-1
Portal Del Quindio,Sur,4,1,0,90,21,6,7,3,15
Centro,Norte,6,0,1,467,17,0,5,0,-1
Sur,Universidad Del Quindio,0,6,0,111,17,7,9,3,-1
Mercado Minorista Quindiano,Universidad Del Quindio,4,2,0,153,15,4,9,3,1
Universidad Del Quindio,Terminal Del Sur,2,0,0,150,24,9,8,3,-1
Estadio Centenario,Norte,13,2,1,50,20,2,5,2,-1
Estadio Centenario,El Bosque,22,6,1,191,22,2,1,2,-1
El Bosque,Universidad Del Quindio,8,6,0,214,19,1,9,3,-1
Norte,La Clarita,9,3,1,378,30,5,3,2,-1
Estadio Centenario,Centro,6,0,1,251,28,2,0,2,-1
Estadio Centenario,Portal Del Quindio,3,5,0,192,20,2,6,3,-1
Sur,Terminal Del Sur,3,4,2,120,32,7,8,2,-1
Norte,Mercado Minorista Quindiano,18,5,0,483,11,5,4,0,-1
Centro,Mercado Minorista Quindiano,9,4,1,261,24,0,4,2,-1
El Bosque,Portal Del Quindio,20,5,0,77,21,1,6,1,-1
Terminal Del Sur,Centro,11,3,0,133,23,8,0,1,6
Universidad Del Quindio,Centro,10,1,1,141,24,9,0,2,-1
Sur,Portal Del Quindio,6,5,2,424,22,7,6,2,-1
Sur,La Clarita,19,4,0,432,12,7,3,0,-1
Terminal Del Sur,Mercado Minorista Quindiano,6,5,2,336,35,8,4,2,-1
Portal Del Quindio,La Clarita,4,0,0,100,19,6,3,3,-1
La Clarita,Estadio Centenario,11,6,1,108,21,3,2,2,-1
Portal Del Quindio,El Bosque,23,0,0,162,23,6,1,1,-1
Norte,Terminal Del Sur,16,1,0,101,21,5,8,1,19
Portal Del Quindio,Norte,6,1,0,312,14,6,5,0,-1
Norte,El Bosque,16,0,0,162,11,5,1,1,-1
Norte,Mercado Minorista Quindiano,1,3,0,103,16,5,4,3,-1
Portal Del Quindio,La Clarita,4,0,1,178,18,6,3,3,-1
Sur,Estadio Centenario,1,4,0,117,16,7,2,3,17
Universidad Del Quindio,Mercado Minorista Quindiano,10,2,0,194,24,9,4,3,-1
Centro,Universidad Del Quindio,5,4,0,165,11,0,9,3,1
Mercado Minorista Quindiano,Estadio Centenario,5,5,1,188,30,4,2,2,10
Centro,Norte,15,0,0,173,20,0,5,1,14
La Clarita,Centro,5,4,0,52,13,3,0,3,-1
Portal Del Quindio,Terminal Del Sur,3,2,0,139,12,6,8,3,1
Mercado Minorista Quindiano,Sur,18,3,0,398,13,4,7,0,-1
Portal Del Quindio,Centro,8,0,0,327,16,6,0,0,-1
Estadio Centenario,Centro,17,0,0,466,21,2,0,0,-1
Estadio Centenario,Norte,17,6,2,497,24,2,5,0,-1
Portal Del Quindio,Sur,6,3,0,343,19,6,7,0,-1
Universidad Del Quindio,Portal Del Quindio,15,0,2,109,22,9,6,2,-1
Sur,Universidad Del Quindio,1,0,0,97,23,7,9,3,-1
Mercado Minorista Quindiano,El Bosque,11,4,1,86,26,4,1,2,10
El Bosque,Universidad Del Quindio,22,0,1,148,18,1,9,1,-1
Estadio Centenario,Universidad Del Quindio,15,2,0,197,17,2,9,1,-1
El Bosque,Portal Del Quindio,21,0,1,165,26,1,6,2,0
Estadio Centenario,Norte,16,3,1,153,19,2,5,2,-1
Terminal Del Sur,Universidad Del Quindio,2,5,0,148,18,8,9,3,-1
Estadio Centenario,Sur,17,5,0,393,15,2,7,0,-1
Estadio Centenario,Centro,2,4,1,117,16,2,0,3,-1
Centro,El Bosque,13,4,0,97,13,0,1,1,-1
Terminal Del Sur,Portal Del Quindio,23,6,0,194,10,8,6,1,-1
Norte,Sur,15,3,0,164,15,5,7,1,3
Terminal Del Sur,Estadio Centenario,22,5,0,87,15,8,2,1,-1
El Bosque,Portal Del Quindio,12,2,1,57,26,1,6,2,-1
El Bosque,Universidad Del Quindio,1,4,0,79,10,1,9,3,1
El Bosque,Estadio Centenario,14,0,0,110,12,1,2,1,14
Centro,Norte,3,2,0,98,10,0,5,3,-1
Terminal Del Sur,Centro,11,3,0,95,14,8,0,1,-1
Portal Del Quindio,Terminal Del Sur,5,2,0,173,18,6,8,3,1
La Clarita,Centro,4,4,1,95,20,3,0,2,-1
Sur,Estadio Centenario,2,3,1,165,30,7,2,2,-1
Terminal Del Sur,Estadio Centenario,20,6,0,116,11,8,2,1,-1
Estadio Centenario,El Bosque,9,6,1,253,25,2,1,2,-1
Sur,La Clarita,2,5,0,73,11,7,3,3,17
Centro,Terminal Del Sur,14,5,0,176,20,0,8,1,-1
El Bosque,Portal Del Quindio,9,1,1,472,23,1,6,0,-1
El Bosque,Terminal Del Sur,0,0,0,92,15,1,8,3,-1
Norte,Sur,15,6,1,75,18,5,7,1,-1
Norte,Centro,17,0,0,212,21,5,0,1,-1
Sur,La Clarita,6,0,0,235,22,7,3,3,-1
Universidad Del Quindio,Terminal Del Sur,19,0,1,463,29,9,8,0,-1
Centro,Sur,15,5,1,164,22,0,7,2,11
Sur,Terminal Del Sur,14,3,0,147,11,7,8,1,3
La Clarita,Terminal Del Sur,22,6,0,135,12,3,8,1,4
Sur,Norte,21,1,0,107,15,7,5,1,-1
Norte,Mercado Minorista Quindiano,16,3,0,119,24,5,4,1,2
Portal Del Quindio,Centro,21,2,0,150,10,6,0,1,-1
Estadio Centenario,Mercado Minorista Quindiano,7,4,1,259,27,2,4,2,-1
Portal Del Quindio,Sur,11,4,1,152,19,6,7,2,-1
Mercado Minorista Quindiano,Norte,5,4,0,165,23,4,5,3,-1
La Clarita,Universidad Del Quindio,14,2,2,104,29,3,9,2,-1
Portal Del Quindio,La Clarita,19,4,0,323,19,6,3,0,-1
Centro,Universidad Del Quindio,18,0,2,319,36,0,9,2,-1
Portal Del Quindio,El Bosque,18,3,1,257,22,6,1,2,-1
El Bosque,Portal Del Quindio,4,1,0,166,23,1,6,3,5
Portal Del Quindio,Universidad Del Quindio,22,6,0,186,21,6,9,1,-1
Centro,La Clarita,20,0,0,107,19,0,3,1,-1
Estadio Centenario,Mercado Minorista Quindiano,0,6,1,83,29,2,4,2,-1
La Clarita,Norte,21,0,0,166,10,3,5,1,-1
El Bosque,Sur,15,4,0,118,15,1,7,1,2
El Bosque,Norte,22,2,0,125,19,1,5,1,2
Mercado Minorista Quindiano,La Clarita,15,2,1,135,24,4,3,2,10
Terminal Del Sur,Estadio Centenario,13,3,0,118,24,8,2,1,6
Terminal Del Sur,Portal Del Quindio,16,5,0,193,19,8,6,1,7
Mercado Minorista Quindiano,Norte,15,4,0,88,13,4,5,1,-1
Estadio Centenario,Portal Del Quindio,0,5,0,150,16,2,6,3,1
Centro,Mercado Minorista Quindiano,9,5,1,299,17,0,4,0,-1
Centro,La Clarita,19,6,0,449,12,0,3,0,-1
Mercado Minorista Quindiano,La Clarita,0,4,0,53,17,4,3,3,-1
El Bosque,Terminal Del Sur,15,6,0,51,10,1,8,1,-1
Mercado Minorista Quindiano,Universidad Del Quindio,19,3,2,377,24,4,9,2,-1
Terminal Del Sur,El Bosque,0,0,0,150,21,8,1,3,-1
Norte,La Clarita,2,0,0,123,20,5,3,3,-1
Mercado Minorista Quindiano,La Clarita,11,4,0,190,21,4,3,1,2
Universidad Del Quindio,Portal Del Quindio,13,1,0,84,16,9,6,1,6
Sur,Centro,16,1,0,57,22,7,0,1,23
Terminal Del Sur,La Clarita,9,1,0,314,18,8,3,0,-1
Portal Del Quindio,La Clarita,6,3,0,313,22,6,3,0,-1
Portal Del Quindio,Sur,10,4,0,169,13,6,7,1,3
Portal Del Quindio,Estadio Centenario,20,4,1,187,20,6,2,2,-1
Universidad Del Quindio,Mercado Minorista Quindiano,8,2,1,376,18,9,4,0,-1
Mercado Minorista Quindiano,Estadio Centenario,15,3,0,145,17,4,2,1,6
Sur,Norte,22,5,2,86,33,7,5,2,-1
Centro,Universidad Del Quindio,16,6,0,62,16,0,9,1,-1
Estadio Centenario,Universidad Del Quindio,2,0,0,79,10,2,9,3,-1
Portal Del Quindio,Centro,16,5,0,133,18,6,0,1,-1
Universidad Del Quindio,Terminal Del Sur,21,4,1,68,16,9,8,1,-1
Universidad Del Quindio,Terminal Del Sur,3,3,0,196,21,9,8,3,-1
Estadio Centenario,Universidad Del Quindio,8,6,1,483,29,2,9,0,-1
Universidad Del Quindio,Estadio Centenario,19,2,0,343,14,9,2,0,-1
Portal Del Quindio,La Clarita,4,2,1,189,24,6,3,2,-1
Portal Del Quindio,La Clarita,19,2,0,252,16,6,3,1,-1
El Bosque,Portal Del Quindio,15,0,0,88,22,1,6,1,14
La Clarita,Terminal Del Sur,20,1,0,191,24,3,8,1,-1
Sur,El Bosque,4,2,0,124,11,7,1,3,17
Sur,El Bosque,14,3,0,58,19,7,1,1,6
Mercado Minorista Quindiano,La Clarita,11,0,0,56,23,4,3,3,16
Mercado Minorista Quindiano,Norte,12,1,0,186,11,4,5,1,3
Mercado Minorista Quindiano,Universidad Del Quindio,1,4,1,78,20,4,9,3,-1
Norte,Universidad Del Quindio,5,2,0,185,22,5,9,3,1
La Clarita,El Bosque,0,5,2,194,36,3,1,2,-1
Mercado Minorista Quindiano,Terminal Del Sur,6,0,1,331,19,4,8,0,-1
Terminal Del Sur,Portal Del Quindio,5,3,0,68,22,8,6,3,-1
El Bosque,Universidad Del Quindio,11,5,0,140,19,1,9,1,-1
Mercado Minorista Quindiano,La Clarita,18,6,1,325,18,4,3,0,-1
Sur,Estadio Centenario,12,4,2,175,31,7,2,2,-1
Estadio Centenario,Norte,19,3,1,200,18,2,5,2,-1
Norte,Sur,12,3,1,162,24,5,7,2,20
Universidad Del Quindio,Sur,23,0,0,166,15,9,7,1,-1
Mercado Minorista Quindiano,La Clarita,11,4,0,110,24,4,3,1,2
La Clarita,Mercado Minorista Quindiano,20,5,1,196,19,3,4,2,-1
Mercado Minorista Quindiano,El Bosque,17,6,1,432,16,4,1,0,-1
Estadio Centenario,Norte,13,6,1,50,20,2,5,2,-1
Centro,Norte,21,5,2,52,28,0,5,2,-1
Portal Del Quindio,Norte,10,3,1,123,23,6,5,2,10
Universidad Del Quindio,Centro,5,3,0,166,17,9,0,3,-1
Portal Del Quindio,Estadio Centenario,3,1,1,185,25,6,2,2,-1
Sur,Centro,17,3,1,419,20,7,0,0,-1
El Bosque,Centro,8,3,0,391,20,1,0,0,-1
El Bosque,Universidad Del Quindio,21,6,0,194,18,1,9,1,-1
Portal Del Quindio,Centro,0,4,0,190,23,6,0,3,-1
Portal Del Quindio,Centro,2,4,1,183,17,6,0,3,-1
Terminal Del Sur,Centro,18,4,1,209,23,8,0,2,-1
Norte,Mercado Minorista Quindiano,17,2,0,204,16,5,4,1,-1
La Clarita,Centro,23,0,0,167,10,3,0,1,-1
La Clarita,Norte,17,6,1,376,26,3,5,0,-1
Centro,Universidad Del Quindio,20,1,1,112,24,0,9,2,-1
Universidad Del Quindio,Sur,21,2,0,76,10,9,7,1,-1
Estadio Centenario,El Bosque,12,0,2,147,30,2,1,2,-1
Universidad Del Quindio,Estadio Centenario,2,6,0,178,14,9,2,3,-1
Terminal Del Sur,El Bosque,15,6,0,55,21,8,1,1,6
Portal Del Quindio,Centro,16,4,0,144,14,6,0,1,-1
Universidad Del Quindio,Portal Del Quindio,5,2,1,72,20,9,6,2,-1
Mercado Minorista Quindiano,La Clarita,20,4,0,132,10,4,3,1,-1
La Clarita,Sur,20,5,0,159,10,3,7,1,4
La Clarita,El Bosque,18,4,0,404,13,3,1,0,-1
Terminal Del Sur,El Bosque,0,0,0,81,11,8,1,3,-1
Estadio Centenario,Portal Del Quindio,7,6,0,353,19,2,6,0,-1
Mercado Minorista Quindiano,Estadio Centenario,1,5,0,167,12,4,2,3,9
Portal Del Quindio,Estadio Centenario,17,3,1,253,27,6,2,2,-1
Norte,Sur,4,5,0,106,10,5,7,3,-1
Mercado Minorista Quindiano,Portal Del Quindio,15,6,0,96,16,4,6,1,8
Terminal Del Sur,La Clarita,14,4,0,134,23,8,3,1,6
Estadio Centenario,La Clarita,1,2,0,152,15,2,3,3,-1
Estadio Centenario,La Clarita,1,5,0,99,11,2,3,3,9
Universidad Del Quindio,El Bosque,17,5,0,448,15,9,1,0,-1
Portal Del Quindio,Centro,0,6,1,79,22,6,0,2,13
Estadio Centenario,Sur,9,2,0,280,14,2,7,3,-1
Universidad Del Quindio,El Bosque,3,1,2,194,31,9,1,2,-1
Estadio Centenario,El Bosque,16,3,1,133,23,2,1,2,-1
El Bosque,Portal Del Quindio,4,1,0,55,14,1,6,3,-1
El Bosque,Norte,1,4,1,175,26,1,5,2,-1
Norte,Centro,10,2,0,164,24,5,0,3,-1
Sur,Estadio Centenario,22,6,0,129,24,7,2,1,-1
Norte,La Clarita,10,5,0,193,17,5,3,1,-1
Universidad Del Quindio,La Clarita,3,3,0,74,12,9,3,3,17
Norte,La Clarita,2,2,1,142,17,5,3,3,13
Centro,Universidad Del Quindio,18,2,0,476,14,0,9,0,-1
Terminal Del Sur,Norte,17,3,0,369,22,8,5,0,-1
Terminal Del Sur,El Bosque,21,4,0,119,10,8,1,1,-1
Portal Del Quindio,Centro,4,0,0,61,19,6,0,3,-1
Mercado Minorista Quindiano,Portal Del Quindio,13,1,1,127,25,4,6,2,-1
Universidad Del Quindio,El Bosque,12,2,2,122,31,9,1,2,-1
El Bosque,Norte,14,0,1,105,29,1,5,2,-1
Portal Del Quindio,El Bosque,10,6,0,97,22,6,1,1,-1
Centro,Portal Del Quindio,16,1,0,85,10,0,6,1,-1
Estadio Centenario,Centro,7,0,0,452,13,2,0,0,-1
Mercado Minorista Quindiano,Estadio Centenario,14,6,1,176,23,4,2,2,-1
Norte,El Bosque,21,5,0,77,16,5,1,1,-1
El Bosque,Estadio Centenario,13,1,0,158,19,1,2,1,16
Portal Del Quindio,La Clarita,13,2,1,105,18,6,3,2,-1
Portal Del Quindio,Universidad Del Quindio,6,2,0,310,16,6,9,3,-1
Portal Del Quindio,Sur,13,2,1,67,25,6,7,2,20
Centro,Norte,5,2,0,164,24,0,5,3,5
El Bosque,La Clarita,22,4,0,77,19,1,3,1,21
Universidad Del Quindio,El Bosque,6,0,2,472,28,9,1,0,-1
Estadio Centenario,Terminal Del Sur,21,1,0,175,21,2,8,1,2
Centro,Norte,16,4,1,74,19,0,5,2,-1
Terminal Del Sur,El Bosque,9,2,0,432,22,8,1,0,-1
Portal Del Quindio,Norte,17,6,1,427,30,6,5,0,-1
El Bosque,Norte,21,1,1,160,23,1,5,2,0
Estadio Centenario,Universidad Del Quindio,7,0,1,435,18,2,9,0,-1
Terminal Del Sur,Mercado Minorista Quindiano,9,0,1,300,21,8,4,0,-1
Centro,Estadio Centenario,19,1,0,425,20,0,2,0,-1
La Clarita,Mercado Minorista Quindiano,23,2,2,158,27,3,4,2,-1
La Clarita,Universidad Del Quindio,4,0,1,82,20,3,9,3,-1
Mercado Minorista Quindiano,Terminal Del Sur,21,4,0,119,16,4,8,1,2
Centro,Mercado Minorista Quindiano,15,3,0,143,20,0,4,1,2
Centro,Universidad Del Quindio,23,6,1,186,22,0,9,2,-1
Norte,Terminal Del Sur,2,2,0,80,17,5,8,3,1
Norte,El Bosque,4,3,0,55,11,5,1,3,-1
Terminal Del Sur,Universidad Del Quindio,19,3,1,274,19,8,9,0,-1
Portal Del Quindio,La Clarita,14,5,0,167,10,6,3,1,-1
El Bosque,Estadio Centenario,23,5,1,111,24,1,2,2,-1
Norte,El Bosque,1,6,1,185,25,5,1,2,-1
Norte,Terminal Del Sur,18,4,0,499,14,5,8,0,-1
Portal Del Quindio,Centro,5,1,0,167,13,6,0,3,-1
Centro,Portal Del Quindio,18,3,0,424,13,0,6,0,-1
El Bosque,Terminal Del Sur,16,3,1,96,16,1,8,1,-1
Universidad Del Quindio,Estadio Centenario,13,5,0,86,23,9,2,1,6
Estadio Centenario,Sur,10,6,0,149,22,2,7,1,-1
Terminal Del Sur,Estadio Centenario,10,2,1,183,17,8,2,2,-1
Centro,La Clarita,23,1,2,54,28,0,3,2,-1
La Clarita,Terminal Del Sur,9,3,0,212,17,3,8,3,1
Norte,La Clarita,1,3,1,114,30,5,3,2,-1
Terminal Del Sur,Universidad Del Quindio,4,0,1,66,24,8,9,2,-1
Universidad Del Quindio,La Clarita,10,6,0,87,16,9,3,1,-1
Estadio Centenario,Mercado Minorista Quindiano,2,5,0,144,10,2,4,3,9
La Clarita,Portal Del Quindio,4,5,1,127,20,3,6,2,24
Mercado Minorista Quindiano,Portal Del Quindio,23,2,1,186,17,4,6,1,-1
La Clarita,Estadio Centenario,11,2,1,84,16,3,2,2,-1
Mercado Minorista Quindiano,Sur,7,5,0,259,22,4,7,3,-1
Norte,Portal Del Quindio,7,2,0,428,23,5,6,0,-1
Terminal Del Sur,La Clarita,2,4,2,54,24,8,3,2,-1
Universidad Del Quindio,Centro,13,1,0,111,13,9,0,1,-1
Universidad Del Quindio,Norte,12,1,1,138,17,9,5,2,-1
Sur,Centro,7,6,0,303,23,7,0,0,-1
El Bosque,Mercado Minorista Quindiano,18,4,1,222,30,1,4,2,-1
Centro,Mercado Minorista Quindiano,14,0,2,194,22,0,4,2,-1
Mercado Minorista Quindiano,La Clarita,14,6,2,102,29,4,3,2,-1
Universidad Del Quindio,Terminal Del Sur,7,2,0,238,12,9,8,3,-1
Centro,El Bosque,5,5,2,116,28,0,1,2,-1
Portal Del Quindio,Centro,18,1,0,214,24,6,0,1,-1
Centro,Sur,0,3,0,87,18,0,7,3,1
El Bosque,Norte,0,4,0,82,23,1,5,3,-1
Norte,La Clarita,3,5,0,115,19,5,3,3,-1
Mercado Minorista Quindiano,Sur,4,2,0,123,10,4,7,3,-1
Mercado Minorista Quindiano,Sur,21,5,0,190,24,4,7,1,2
Centro,Universidad Del Quindio,14,3,1,158,23,0,9,2,-1
Terminal Del Sur,Sur,19,6,0,356,17,8,7,0,-1
El Bosque,Estadio Centenario,4,4,0,96,13,1,2,3,9
Norte,Estadio Centenario,11,4,1,179,26,5,2,2,10
Sur,Centro,18,2,0,491,19,7,0,0,-1
La Clarita,El Bosque,10,2,1,118,19,3,1,2,12
El Bosque,Estadio Centenario,10,5,1,123,23,1,2,2,-1
Mercado Minorista Quindiano,Estadio Centenario,5,5,0,72,24,4,2,3,-1
Mercado Minorista Quindiano,La Clarita,13,2,0,189,19,4,3,1,16
El Bosque,Norte,12,5,1,160,23,1,5,2,11
El Bosque,Norte,10,3,0,149,13,1,5,3,-1
Norte,Estadio Centenario,4,4,2,121,36,5,2,2,-1
Portal Del Quindio,Mercado Minorista Quindiano,9,0,0,291,24,6,4,0,-1
Portal Del Quindio,La Clarita,8,5,1,250,28,6,3,2,10
Sur,Centro,13,0,1,60,22,7,0,2,-1
El Bosque,Estadio Centenario,0,5,0,150,14,1,2,3,9
La Clarita,Sur,13,3,0,106,10,3,7,1,3
El Bosque,Mercado Minorista Quindiano,21,6,1,164,23,1,4,2,-1
Sur,Terminal Del Sur,14,4,1,102,24,7,8,2,-1
Estadio Centenario,El Bosque,9,3,1,316,25,2,1,2,-1
Universidad Del Quindio,El Bosque,8,2,1,262,19,9,1,0,-1
Centro,Estadio Centenario,10,5,1,179,22,0,2,2,-1
Portal Del Quindio,Universidad Del Quindio,17,2,1,216,26,6,9,2,-1
La Clarita,Centro,11,2,1,74,22,3,0,2,12
Estadio Centenario,Centro,19,5,0,360,10,2,0,0,-1
El Bosque,Universidad Del Quindio,10,5,2,163,26,1,9,2,-1
Centro,El Bosque,16,6,0,130,13,0,1,1,-1
Terminal Del Sur,Estadio Centenario,8,0,0,347,15,8,2,0,-1
Terminal Del Sur,Portal Del Quindio,21,3,1,112,28,8,6,2,-1
Universidad Del Quindio,El Bosque,7,0,1,456,28,9,1,0,-1
Norte,Centro,22,2,0,172,17,5,0,1,-1
Universidad Del Quindio,Centro,18,5,0,231,23,9,0,1,-1
Estadio Centenario,Sur,16,4,0,79,17,2,7,1,2
La Clarita,Terminal Del Sur,18,1,0,456,23,3,8,0,-1
Sur,Universidad Del Quindio,18,6,1,393,21,7,9,0,-1
Terminal Del Sur,Mercado Minorista Quindiano,16,1,1,112,19,8,4,2,-1
La Clarita,Portal Del Quindio,0,4,0,104,16,3,6,3,1
Portal Del Quindio,Mercado Minorista Quindiano,2,1,0,159,11,6,4,3,17
La Clarita,Terminal Del Sur,0,6,1,104,27,3,8,2,-1
Norte,Universidad Del Quindio,17,6,0,207,10,5,9,1,-1
Centro,Estadio Centenario,22,2,0,121,15,0,2,1,-1
Portal Del Quindio,Norte,14,4,0,116,12,6,5,1,6
La Clarita,Portal Del Quindio,0,3,1,57,17,3,6,3,-1
Portal Del Quindio,Centro,2,5,1,81,23,6,0,2,13
Terminal Del Sur,Portal Del Quindio,13,2,1,193,19,8,6,2,-1
Sur,Norte,19,4,0,381,14,7,5,0,-1
Sur,Portal Del Quindio,13,6,0,104,11,7,6,1,-1
Sur,Centro,6,1,1,462,16,7,0,0,-1
Norte,Mercado Minorista Quindiano,22,4,1,196,28,5,4,2,-1
La Clarita,Norte,18,3,0,484,21,3,5,0,-1
Norte,Portal Del Quindio,17,1,1,396,19,5,6,0,-1
Centro,Estadio Centenario,10,1,0,179,12,0,2,3,-1
La Clarita,Terminal Del Sur,22,6,0,189,13,3,8,1,4
Universidad Del Quindio,Terminal Del Sur,4,4,0,186,11,9,8,3,-1
Terminal Del Sur,Norte,20,3,2,148,25,8,5,2,-1
Estadio Centenario,El Bosque,21,3,0,73,10,2,1,1,-1
Norte,Centro,9,5,1,319,26,5,0,2,-1
Mercado Minorista Quindiano,Centro,13,6,0,177,10,4,0,1,-1
Universidad Del Quindio,Centro,17,2,1,408,29,9,0,0,-1
Sur,Centro,8,1,0,436,18,7,0,0,-1
Terminal Del Sur,Estadio Centenario,6,0,1,445,21,8,2,0,-1
Terminal Del Sur,Estadio Centenario,10,5,0,53,19,8,2,1,6
Estadio Centenario,Mercado Minorista Quindiano,12,1,0,86,20,2,4,3,14
Centro,Terminal Del Sur,5,1,1,177,20,0,8,3,-1
Universidad Del Quindio,Portal Del Quindio,9,3,0,240,15,9,6,3,6
Universidad Del Quindio,Mercado Minorista Quindiano,1,0,0,171,21,9,4,3,-1
Centro,Mercado Minorista Quindiano,22,4,0,155,15,0,4,1,21
El Bosque,Mercado Minorista Quindiano,20,2,1,106,30,1,4,2,0
Universidad Del Quindio,Centro,5,2,0,147,21,9,0,3,-1
Centro,Sur,12,0,0,102,16,0,7,3,14
La Clarita,Sur,9,4,0,389,19,3,7,0,-1
Terminal Del Sur,Estadio Centenario,13,1,0,103,20,8,2,1,23
Centro,Universidad Del Quindio,0,2,0,85,12,0,9,3,-1
Mercado Minorista Quindiano,Norte,20,2,1,89,26,4,5,2,0
La Clarita,Centro,3,0,0,88,17,3,0,3,-1
Portal Del Quindio,Sur,2,5,1,147,22,6,7,2,-1
Centro,Mercado Minorista Quindiano,14,5,1,199,20,0,4,2,11
El Bosque,Portal Del Quindio,23,0,1,85,30,1,6,2,0
Terminal Del Sur,Estadio Centenario,19,2,0,426,13,8,2,0,-1
El Bosque,Norte,10,0,0,158,20,1,5,3,14
El Bosque,Mercado Minorista Quindiano,1,0,0,122,18,1,4,3,-1
Sur,Portal Del Quindio,7,0,0,328,18,7,6,0,-1
Mercado Minorista Quindiano,Centro,10,1,0,74,16,4,0,3,16
Norte,Sur,2,2,1,157,27,5,7,2,-1
Mercado Minorista Quindiano,Estadio Centenario,18,5,0,301,11,4,2,1,-1
La Clarita,El Bosque,11,2,1,150,27,3,1,2,-1
Terminal Del Sur,Centro,16,4,1,66,25,8,0,2,-1
Terminal Del Sur,Norte,22,0,1,96,27,8,5,2,-1
Mercado Minorista Quindiano,Estadio Centenario,15,2,1,57,30,4,2,2,-1
Portal Del Quindio,Terminal Del Sur,20,0,0,167,15,6,8,1,-1
Mercado Minorista Quindiano,Centro,7,0,0,288,21,4,0,0,-1
Terminal Del Sur,Universidad Del Quindio,14,2,0,158,19,8,9,1,6
El Bosque,Norte,14,1,0,65,16,1,5,1,14
Terminal Del Sur,Norte,16,6,0,75,14,8,5,1,-1
El Bosque,Portal Del Quindio,21,1,1,184,29,1,6,2,0
El Bosque,Mercado Minorista Quindiano,14,4,0,56,18,1,4,1,2
Universidad Del Quindio,Mercado Minorista Quindiano,18,1,0,414,22,9,4,0,-1
Mercado Minorista Quindiano,Terminal Del Sur,17,6,1,302,16,4,8,0,-1
La Clarita,Centro,13,6,0,157,21,3,0,1,-1
Norte,Universidad Del Quindio,12,1,0,180,14,5,9,3,-1
Centro,Mercado Minorista Quindiano,10,1,0,157,16,0,4,3,14
Terminal Del Sur,Mercado Minorista Quindiano,14,0,1,53,28,8,4,2,-1
Centro,Universidad Del Quindio,21,0,0,190,11,0,9,1,-1
La Clarita,Sur,0,4,1,157,29,3,7,2,-1
La Clarita,Centro,1,6,0,83,23,3,0,3,-1
Centro,El Bosque,22,4,0,190,11,0,1,1,-1
Mercado Minorista Quindiano,Terminal Del Sur,2,2,0,88,23,4,8,3,15
El Bosque,Mercado Minorista Quindiano,19,4,0,444,21,1,4,0,-1
Sur,Centro,15,3,0,170,19,7,0,1,23
Centro,Terminal Del Sur,6,3,0,264,23,0,8,3,-1
La Clarita,Mercado Minorista Quindiano,16,2,1,191,23,3,4,2,-1
Sur,El Bosque,17,3,0,345,23,7,1,0,-1
El Bosque,Portal Del Quindio,4,0,0,122,24,1,6,3,5
Sur,Centro,16,0,0,137,13,7,0,1,-1
Universidad Del Quindio,Estadio Centenario,11,2,1,86,28,9,2,2,-1
Universidad Del Quindio,La Clarita,4,2,1,173,21,9,3,2,-1
Sur,Estadio Centenario,6,6,0,210,23,7,2,3,-1
Universidad Del Quindio,El Bosque,12,1,1,101,19,9,1,2,-1
La Clarita,Terminal Del Sur,7,3,0,262,15,3,8,3,-1
Universidad Del Quindio,Estadio Centenario,20,2,0,159,19,9,2,1,-1
La Clarita,El Bosque,10,1,0,106,19,3,1,3,16
Centro,Terminal Del Sur,8,0,0,458,17,0,8,0,-1
Terminal Del Sur,Estadio Centenario,5,4,1,54,21,8,2,2,13
Norte,Estadio Centenario,14,6,1,58,18,5,2,2,-1
Portal Del Quindio,Mercado Minorista Quindiano,19,1,1,440,28,6,4,0,-1
Norte,Estadio Centenario,9,2,0,377,11,5,2,0,-1
La Clarita,Centro,16,2,0,62,17,3,0,1,-1
Sur,Norte,14,0,0,122,13,7,5,1,-1
Universidad Del Quindio,Estadio Centenario,13,4,0,147,20,9,2,1,6
Terminal Del Sur,Sur,8,2,0,322,21,8,7,0,-1
El Bosque,Universidad Del Quindio,8,2,0,425,21,1,9,0,-1
La Clarita,Norte,9,0,1,239,24,3,5,2,-1
Centro,Mercado Minorista Quindiano,4,2,0,173,24,0,4,3,5
Mercado Minorista Quindiano,El Bosque,5,2,0,182,19,4,1,3,-1
Terminal Del Sur,Sur,17,5,0,236,21,8,7,1,7
Terminal Del Sur,Sur,15,4,1,77,20,8,7,2,-1
Mercado Minorista Quindiano,Sur,12,0,0,163,17,4,7,3,-1
Centro,La Clarita,12,5,0,142,12,0,3,1,-1
La Clarita,Sur,2,1,1,89,26,3,7,2,-1
Estadio Centenario,Centro,12,4,1,82,21,2,0,2,-1
La Clarita,Norte,23,2,0,129,17,3,5,1,2
Sur,El Bosque,0,2,0,108,18,7,1,3,-1
Universidad Del Quindio,Portal Del Quindio,12,2,0,94,18,9,6,1,6
Sur,Portal Del Quindio,20,1,0,149,24,7,6,1,-1
Centro,Terminal Del Sur,5,3,1,56,20,0,8,3,-1
Estadio Centenario,Norte,10,4,2,107,30,2,5,2,-1
Terminal Del Sur,Sur,18,6,0,222,19,8,7,1,7
Sur,Portal Del Quindio,9,2,0,357,16,7,6,0,-1
Terminal Del Sur,Sur,17,3,1,457,29,8,7,0,-1
La Clarita,Portal Del Quindio,12,4,1,61,22,3,6,2,-1
Universidad Del Quindio,Portal Del Quindio,1,4,0,95,20,9,6,3,-1
El Bosque,Estadio Centenario,16,0,1,66,23,1,2,2,-1
Terminal Del Sur,Universidad Del Quindio,1,3,0,137,22,8,9,3,-1
El Bosque,Universidad Del Quindio,2,5,0,123,18,1,9,3,1
Mercado Minorista Quindiano,Sur,1,6,1,109,30,4,7,2,-1
Sur,La Clarita,4,4,0,71,13,7,3,3,17
Universidad Del Quindio,La Clarita,19,3,0,441,13,9,3,0,-1
Centro,Terminal Del Sur,16,3,1,199,16,0,8,1,-1
Sur,La Clarita,9,5,0,392,15,7,3,0,18
Estadio Centenario,Sur,23,2,1,99,29,2,7,2,0
Portal Del Quindio,Estadio Centenario,14,4,2,174,33,6,2,2,-1
Mercado Minorista Quindiano,Norte,6,4,0,232,15,4,5,3,-1
La Clarita,Portal Del Quindio,14,6,0,107,16,3,6,1,8
Centro,Mercado Minorista Quindiano,1,5,0,78,13,0,4,3,9
La Clarita,Centro,16,2,1,190,24,3,0,2,-1
Sur,Portal Del Quindio,6,6,0,484,22,7,6,0,-1
Universidad Del Quindio,Sur,10,3,1,81,17,9,7,2,-1
Terminal Del Sur,Norte,14,5,1,133,21,8,5,2,-1
Portal Del Quindio,Sur,10,2,0,130,23,6,7,3,19
Terminal Del Sur,Estadio Centenario,11,3,0,70,24,8,2,1,6
El Bosque,Portal Del Quindio,15,4,0,133,15,1,6,1,2
Norte,El Bosque,18,0,0,456,19,5,1,0,-1
Terminal Del Sur,Universidad Del Quindio,5,6,0,113,10,8,9,3,-1
Universidad Del Quindio,Terminal Del Sur,23,3,0,67,24,9,8,1,-1
Estadio Centenario,Portal Del Quindio,11,2,1,121,27,2,6,2,-1
Norte,Mercado Minorista Quindiano,13,0,0,194,22,5,4,1,-1
Mercado Minorista Quindiano,Sur,20,6,1,76,29,4,7,2,-1
La Clarita,Centro,17,3,1,398,18,3,0,0,-1
Estadio Centenario,Terminal Del Sur,11,4,0,73,21,2,8,1,-1
Universidad Del Quindio,Norte,2,3,2,95,36,9,5,2,-1
El Bosque,Norte,13,6,0,66,23,1,5,1,-1
Centro,Mercado Minorista Quindiano,11,3,0,58,15,0,4,3,-1
Centro,Mercado Minorista Quindiano,15,0,0,112,15,0,4,1,14
La Clarita,Terminal Del Sur,21,4,0,166,11,3,8,1,4
Sur,Estadio Centenario,23,2,1,113,28,7,2,2,-1
Sur,Portal Del Quindio,16,4,0,67,23,7,6,1,6
Universidad Del Quindio,Norte,17,5,0,294,15,9,5,1,-1
Norte,El Bosque,10,4,1,82,27,5,1,2,10
El Bosque,Terminal Del Sur,5,0,0,185,20,1,8,3,-1
Estadio Centenario,Universidad Del Quindio,21,2,0,137,18,2,9,1,2
Portal Del Quindio,La Clarita,16,3,0,170,23,6,3,1,6
Norte,Mercado Minorista Quindiano,14,5,0,135,21,5,4,1,6
La Clarita,Universidad Del Quindio,19,0,1,401,23,3,9,0,-1
Mercado Minorista Quindiano,La Clarita,17,3,1,201,16,4,3,1,-1
Universidad Del Quindio,La Clarita,0,0,1,126,19,9,3,3,-1
Centro,Universidad Del Quindio,21,6,0,152,19,0,9,1,-1
Terminal Del Sur,Sur,13,1,0,192,11,8,7,1,3
La Clarita,Centro,9,6,0,322,15,3,0,0,-1
El Bosque,La Clarita,8,5,0,272,16,1,3,3,-1
Mercado Minorista Quindiano,Sur,8,1,1,403,23,4,7,0,-1
Norte,Mercado Minorista Quindiano,7,1,1,283,29,5,4,2,-1
Norte,Sur,14,2,1,176,22,5,7,2,20
Estadio Centenario,Sur,10,3,1,181,21,2,7,2,-1
Terminal Del Sur,Universidad Del Quindio,21,1,0,176,12,8,9,1,-1
Centro,El Bosque,8,3,1,213,26,0,1,2,-1
Mercado Minorista Quindiano,Norte,17,5,1,211,22,4,5,2,-1
La Clarita,Mercado Minorista Quindiano,11,4,0,74,22,3,4,1,2
Centro,Portal Del Quindio,18,1,0,346,16,0,6,0,-1
Mercado Minorista Quindiano,La Clarita,13,3,1,185,28,4,3,2,10
Centro,Norte,22,4,1,81,18,0,5,1,-1
Mercado Minorista Quindiano,Terminal Del Sur,11,1,0,195,12,4,8,3,-1
El Bosque,Estadio Centenario,21,4,0,145,17,1,2,1,21
Terminal Del Sur,El Bosque,8,2,2,330,33,8,1,2,-1
Portal Del Quindio,Centro,9,2,0,234,22,6,0,0,-1
Centro,Estadio Centenario,21,6,0,146,16,0,2,1,-1
Universidad Del Quindio,Centro,11,0,2,143,26,9,0,2,-1
La Clarita,Mercado Minorista Quindiano,23,3,1,86,19,3,4,1,-1
El Bosque,La Clarita,11,5,1,69,27,1,3,2,-1
Sur,Mercado Minorista Quindiano,23,1,0,145,18,7,4,1,-1
Centro,El Bosque,3,1,1,166,17,0,1,3,-1
Universidad Del Quindio,Norte,3,1,0,128,11,9,5,3,17
Terminal Del Sur,La Clarita,3,5,0,88,19,8,3,3,22
Estadio Centenario,Sur,18,2,1,385,21,2,7,0,-1
El Bosque,Universidad Del Quindio,11,2,1,67,23,1,9,2,-1
Estadio Centenario,Mercado Minorista Quindiano,20,6,1,148,25,2,4,2,-1
Centro,Portal Del Quindio,7,3,1,439,29,0,6,0,-1
Universidad Del Quindio,Estadio Centenario,22,1,1,63,29,9,2,2,-1
Estadio Centenario,Sur,1,6,1,86,20,2,7,3,24
Estadio Centenario,Norte,5,4,1,90,29,2,5,2,-1
El Bosque,Sur,21,3,0,174,24,1,7,1,2
Portal Del Quindio,Mercado Minorista Quindiano,13,6,1,133,17,6,4,2,-1
El Bosque,Centro,6,5,0,344,20,1,0,0,-1
Estadio Centenario,El Bosque,1,2,0,54,24,2,1,3,-1
El Bosque,Terminal Del Sur,0,3,0,94,16,1,8,3,1
Sur,Portal Del Quindio,14,6,0,188,19,7,6,1,7
Terminal Del Sur,La Clarita,2,5,1,63,25,8,3,2,13
Norte,Sur,9,3,0,456,14,5,7,0,-1
Terminal Del Sur,El Bosque,19,2,1,200,24,8,1,2,-1
Mercado Minorista Quindiano,Norte,21,3,0,77,18,4,5,1,2
Estadio Centenario,El Bosque,10,4,1,98,16,2,1,2,-1
Portal Del Quindio,Universidad Del Quindio,23,3,0,105,21,6,9,1,-1
Centro,Norte,14,6,0,183,21,0,5,1,-1
Mercado Minorista Quindiano,Estadio Centenario,19,1,0,329,18,4,2,0,-1
La Clarita,Sur,4,3,0,75,22,3,7,3,15
La Clarita,Mercado Minorista Quindiano,0,6,1,84,21,3,4,2,-1
La Clarita,Terminal Del Sur,4,4,0,108,14,3,8,3,1
La Clarita,Portal Del Quindio,0,0,0,61,19,3,6,3,15
El Bosque,Estadio Centenario,19,4,0,441,17,1,2,0,-1
Centro,Norte,10,5,0,99,22,0,5,3,2
Mercado Minorista Quindiano,Universidad Del Quindio,6,6,0,383,24,4,9,0,-1
Sur,Mercado Minorista Quindiano,10,1,1,87,19,7,4,2,-1
Portal Del Quindio,Sur,22,5,0,94,13,6,7,1,-1
Estadio Centenario,Universidad Del Quindio,15,1,0,173,16,2,9,1,-1
El Bosque,Estadio Centenario,7,1,0,328,16,1,2,0,-1
Mercado Minorista Quindiano,Terminal Del Sur,7,4,0,204,24,4,8,3,-1
Portal Del Quindio,El Bosque,21,6,0,83,10,6,1,1,-1
Norte,Centro,22,6,0,163,11,5,0,1,-1
Terminal Del Sur,Universidad Del Quindio,16,1,0,185,24,8,9,1,-1
Norte,Sur,7,0,0,275,20,5,7,3,-1
El Bosque,Mercado Minorista Quindiano,7,0,1,488,16,1,4,0,-1
Mercado Minorista Quindiano,Norte,18,6,0,341,14,4,5,0,-1
Portal Del Quindio,Mercado Minorista Quindiano,15,4,0,154,19,6,4,1,6
Centro,Universidad Del Quindio,1,1,0,112,18,0,9,3,-1
Estadio Centenario,El Bosque,0,0,1,138,28,2,1,2,-1
Terminal Del Sur,Centro,8,4,0,276,24,8,0,0,-1
Centro,Universidad Del Quindio,8,2,0,297,22,0,9,3,-1
La Clarita,Terminal Del Sur,5,5,1,181,21,3,8,2,24
Portal Del Quindio,Terminal Del Sur,18,5,0,281,22,6,8,1,7
Norte,Centro,8,6,0,328,17,5,0,0,-1
La Clarita,Estadio Centenario,21,6,0,138,14,3,2,1,-1
Sur,Terminal Del Sur,14,0,0,125,19,7,8,1,6
Terminal Del Sur,La Clarita,6,6,0,292,18,8,3,0,-1
Terminal Del Sur,El Bosque,0,0,0,84,21,8,1,3,-1
Estadio Centenario,Terminal Del Sur,5,1,0,60,12,2,8,3,-1
Terminal Del Sur,El Bosque,7,5,0,464,12,8,1,0,-1
Norte,Mercado Minorista Quindiano,20,1,0,121,11,5,4,1,-1
Centro,Universidad Del Quindio,5,3,0,166,22,0,9,3,1
Norte,Estadio Centenario,11,4,0,97,14,5,2,1,-1
Terminal Del Sur,Portal Del Quindio,14,3,1,64,26,8,6,2,-1
Sur,Terminal Del Sur,15,6,1,119,29,7,8,2,-1
Mercado Minorista Quindiano,Sur,17,3,1,220,22,4,7,2,20
Terminal Del Sur,Centro,10,6,0,129,24,8,0,1,-1
Universidad Del Quindio,La Clarita,20,3,0,192,18,9,3,1,-1
Mercado Minorista Quindiano,Portal Del Quindio,3,2,0,100,24,4,6,3,15
Terminal Del Sur,Universidad Del Quindio,3,4,1,190,21,8,9,3,-1
Norte,Portal Del Quindio,18,1,0,251,23,5,6,1,-1
Estadio Centenario,La Clarita,14,3,1,84,23,2,3,2,-1
Mercado Minorista Quindiano,La Clarita,15,1,1,195,17,4,3,2,-1
Estadio Centenario,La Clarita,16,4,0,181,19,2,3,1,21
El Bosque,Estadio Centenario,10,6,0,144,21,1,2,1,-1
Portal Del Quindio,La Clarita,9,6,0,358,16,6,3,0,18
Portal Del Quindio,La Clarita,23,0,1,91,23,6,3,2,-1
Universidad Del Quindio,La Clarita,3,3,0,167,16,9,3,3,-1
Estadio Centenario,El Bosque,21,0,0,169,22,2,1,1,-1
Terminal Del Sur,Estadio Centenario,9,6,0,340,16,8,2,0,18
Mercado Minorista Quindiano,La Clarita,21,5,1,70,21,4,3,2,-1
El Bosque,Norte,8,1,0,208,24,1,5,3,5
Centro,Mercado Minorista Quindiano,9,1,1,320,28,0,4,2,-1
Universidad Del Quindio,Portal Del Quindio,9,0,0,353,20,9,6,0,-1
Estadio Centenario,El Bosque,4,3,1,99,23,2,1,2,-1
Sur,Centro,18,3,1,259,22,7,0,2,-1
Portal Del Quindio,Norte,9,0,1,345,18,6,5,0,-1
Portal Del Quindio,Norte,3,1,0,118,24,6,5,3,15
La Clarita,Estadio Centenario,16,2,0,157,11,3,2,1,-1
Sur,Norte,0,6,2,198,22,7,5,2,-1
Sur,Universidad Del Quindio,21,4,2,192,24,7,9,2,-1
Universidad Del Quindio,Estadio Centenario,6,2,1,337,24,9,2,0,-1
El Bosque,Mercado Minorista Quindiano,13,4,0,51,12,1,4,1,-1
Norte,Sur,6,4,1,345,18,5,7,0,-1
Norte,Portal Del Quindio,9,5,0,324,16,5,6,0,-1
Sur,Norte,8,0,1,479,27,7,5,0,-1
Universidad Del Quindio,Sur,13,2,2,117,31,9,7,2,-1
El Bosque,Norte,5,1,0,81,16,1,5,3,-1
Terminal Del Sur,Centro,12,5,1,85,23,8,0,2,-1
Universidad Del Quindio,Terminal Del Sur,4,0,0,180,18,9,8,3,-1
Sur,Terminal Del Sur,7,0,0,269,18,7,8,3,-1
Portal Del Quindio,Centro,6,3,0,468,10,6,0,0,-1
Universidad Del Quindio,El Bosque,1,3,1,54,27,9,1,2,-1
La Clarita,El Bosque,20,5,0,99,12,3,1,1,-1
Portal Del Quindio,Sur,21,3,1,174,25,6,7,2,-1
Mercado Minorista Quindiano,Universidad Del Quindio,2,5,0,119,11,4,9,3,1
Centro,Universidad Del Quindio,22,3,1,51,21,0,9,2,-1
Sur,Estadio Centenario,16,2,0,147,16,7,2,1,6
Portal Del Quindio,Norte,19,5,0,499,19,6,5,0,-1
Portal Del Quindio,Estadio Centenario,3,4,2,126,34,6,2,2,-1
El Bosque,Norte,14,0,0,104,19,1,5,1,14
La Clarita,Portal Del Quindio,22,3,0,194,21,3,6,1,2
Centro,Estadio Centenario,7,3,0,202,23,0,2,3,-1
Mercado Minorista Quindiano,Terminal Del Sur,12,6,2,141,24,4,8,2,-1
El Bosque,Centro,7,5,2,204,25,1,0,2,-1
La Clarita,Portal Del Quindio,7,3,0,320,23,3,6,0,-1
Sur,Estadio Centenario,20,3,0,199,11,7,2,1,-1
Terminal Del Sur,La Clarita,7,6,0,487,10,8,3,0,-1
Estadio Centenario,Universidad Del Quindio,20,3,1,87,19,2,9,1,-1
Portal Del Quindio,El Bosque,1,4,1,191,19,6,1,2,13
Centro,Terminal Del Sur,0,6,0,163,22,0,8,3,-1
La Clarita,Centro,1,0,1,134,17,3,0,3,-1
Estadio Centenario,Terminal Del Sur,8,0,0,379,23,2,8,0,-1
Estadio Centenario,Sur,22,1,0,104,15,2,7,1,-1
Estadio Centenario,Universidad Del Quindio,2,5,0,192,15,2,9,3,1
Portal Del Quindio,Estadio Centenario,4,3,0,61,24,6,2,3,-1
Estadio Centenario,Universidad Del Quindio,16,1,1,131,28,2,9,2,-1
Estadio Centenario,Mercado Minorista Quindiano,2,5,0,183,12,2,4,3,9
Norte,Terminal Del Sur,15,6,0,63,18,5,8,1,8
El Bosque,Norte,14,4,0,115,20,1,5,1,2
Norte,El Bosque,1,2,0,69,11,5,1,3,17
Norte,Universidad Del Quindio,9,0,0,480,22,5,9,0,-1
Centro,Terminal Del Sur,21,0,2,144,35,0,8,2,-1
Centro,Estadio Centenario,0,5,0,129,15,0,2,3,9
Mercado Minorista Quindiano,Sur,13,4,1,180,18,4,7,2,-1
Mercado Minorista Quindiano,La Clarita,8,5,1,224,28,4,3,2,10
Mercado Minorista Quindiano,Universidad Del Quindio,20,1,0,185,14,4,9,1,-1
Estadio Centenario,Sur,1,3,1,74,30,2,7,2,-1
Sur,Terminal Del Sur,3,4,0,61,21,7,8,3,-1
Sur,El Bosque,12,6,1,127,19,7,1,2,-1
El Bosque,Estadio Centenario,17,4,1,359,28,1,2,2,-1
Estadio Centenario,Mercado Minorista Quindiano,10,5,1,179,27,2,4,2,10
La Clarita,Sur,22,2,0,80,12,3,7,1,-1
Centro,Norte,4,2,1,59,24,0,5,2,-1
Norte,El Bosque,1,5,0,60,11,5,1,3,-1
Centro,Norte,23,6,0,132,18,0,5,1,-1
Norte,El Bosque,2,4,1,122,27,5,1,2,13
Portal Del Quindio,Terminal Del Sur,13,2,0,56,21,6,8,1,19
Norte,Portal Del Quindio,0,3,0,53,16,5,6,3,1
El Bosque,Portal Del Quindio,7,0,1,300,22,1,6,0,-1
La Clarita,Mercado Minorista Quindiano,19,4,0,323,15,3,4,0,-1
Sur,Terminal Del Sur,6,1,0,262,14,7,8,3,-1
El Bosque,La Clarita,19,6,0,261,22,1,3,1,-1
Terminal Del Sur,Sur,2,6,1,141,21,8,7,2,-1
Universidad Del Quindio,Norte,13,6,2,135,26,9,5,2,-1
Mercado Minorista Quindiano,Terminal Del Sur,22,1,0,111,20,4,8,1,2
Mercado Minorista Quindiano,Universidad Del Quindio,20,5,0,128,14,4,9,1,4
Mercado Minorista Quindiano,Sur,9,6,1,264,28,4,7,2,-1
Portal Del Quindio,La Clarita,20,1,1,131,20,6,3,2,-1
Universidad Del Quindio,Norte,12,3,0,188,24,9,5,1,6
Mercado Minorista Quindiano,Terminal Del Sur,20,3,0,166,19,4,8,1,2
Mercado Minorista Quindiano,Portal Del Quindio,3,1,0,101,21,4,6,3,15
La Clarita,Centro,17,2,1,432,28,3,0,0,-1
Centro,Terminal Del Sur,19,4,1,241,20,0,8,2,-1
El Bosque,Universidad Del Quindio,9,4,1,312,24,1,9,2,-1
Centro,El Bosque,16,0,1,178,17,0,1,2,-1
Estadio Centenario,Portal Del Quindio,15,4,0,146,19,2,6,1,2
La Clarita,El Bosque,17,1,1,431,20,3,1,0,-1
Portal Del Quindio,Centro,10,6,1,83,23,6,0,2,-1
Portal Del Quindio,El Bosque,21,0,0,128,10,6,1,1,-1
Portal Del Quindio,Terminal Del Sur,22,4,0,118,21,6,8,1,-1
El Bosque,Universidad Del Quindio,0,6,0,150,17,1,9,3,1
La Clarita,El Bosque,12,0,0,136,20,3,1,3,16
Estadio Centenario,Universidad Del Quindio,0,4,0,66,14,2,9,3,1
Universidad Del Quindio,La Clarita,19,4,1,431,25,9,3,0,-1
Mercado Minorista Quindiano,Norte,13,3,0,188,13,4,5,1,3
Portal Del Quindio,Sur,14,2,0,184,12,6,7,1,3
Estadio Centenario,Mercado Minorista Quindiano,18,2,0,460,14,2,4,0,-1
Portal Del Quindio,Mercado Minorista Quindiano,21,1,0,87,24,6,4,1,-1
Terminal Del Sur,Portal Del Quindio,15,3,0,130,24,8,6,1,6
La Clarita,El Bosque,7,0,1,248,19,3,1,2,-1
Universidad Del Quindio,Estadio Centenario,3,5,0,154,18,9,2,3,22
La Clarita,Sur,22,5,0,163,19,3,7,1,2
Estadio Centenario,Universidad Del Quindio,20,3,0,189,20,2,9,1,2
Estadio Centenario,Norte,7,1,0,468,14,2,5,0,-1
Centro,Norte,15,3,1,60,25,0,5,2,-1
Portal Del Quindio,Centro,14,0,1,195,22,6,0,2,-1
Estadio Centenario,Universidad Del Quindio,8,0,0,323,19,2,9,0,-1
Terminal Del Sur,Universidad Del Quindio,17,5,1,412,27,8,9,0,-1
Estadio Centenario,Terminal Del Sur,18,5,0,312,17,2,8,1,-1
Norte,Terminal Del Sur,20,2,1,171,29,5,8,2,-1
El Bosque,Norte,22,6,0,61,18,1,5,1,-1
Mercado Minorista Quindiano,Sur,14,1,0,198,22,4,7,1,19
Centro,Terminal Del Sur,20,5,0,185,23,0,8,1,2
Portal Del Quindio,Terminal Del Sur,7,5,0,334,16,6,8,0,-1
La Clarita,El Bosque,11,2,1,135,21,3,1,2,12
Mercado Minorista Quindiano,Estadio Centenario,10,0,0,71,21,4,2,3,16
Portal Del Quindio,La Clarita,12,1,1,51,28,6,3,2,-1
Norte,Sur,20,6,0,76,11,5,7,1,4
Mercado Minorista Quindiano,Terminal Del Sur,14,2,0,137,21,4,8,1,19
Norte,Portal Del Quindio,12,5,0,146,17,5,6,1,8
Mercado Minorista Quindiano,La Clarita,2,6,0,167,12,4,3,3,9
Centro,Terminal Del Sur,22,4,1,79,22,0,8,2,-1
Terminal Del Sur,Universidad Del Quindio,11,6,0,74,14,8,9,1,-1
Centro,La Clarita,14,1,1,193,23,0,3,2,-1
Norte,Portal Del Quindio,0,3,1,54,18,5,6,3,-1
Portal Del Quindio,Sur,0,3,1,153,18,6,7,3,-1
Mercado Minorista Quindiano,Centro,9,1,0,209,14,4,0,3,16
Terminal Del Sur,Portal Del Quindio,13,6,0,115,18,8,6,1,7
Mercado Minorista Quindiano,Terminal Del Sur,15,4,0,186,13,4,8,1,3
Sur,Centro,3,5,0,139,19,7,0,3,-1
La Clarita,Norte,21,3,0,63,18,3,5,1,2
Portal Del Quindio,Centro,1,4,0,170,13,6,0,3,-1
Terminal Del Sur,Mercado Minorista Quindiano,10,2,1,119,23,8,4,2,-1
El Bosque,Estadio Centenario,18,4,0,385,13,1,2,0,-1
La Clarita,Terminal Del Sur,14,4,1,181,19,3,8,2,-1
Terminal Del Sur,Mercado Minorista Quindiano,9,5,0,426,19,8,4,0,18
Terminal Del Sur,El Bosque,4,5,1,103,23,8,1,2,13
Centro,La Clarita,6,4,0,401,15,0,3,0,-1
Sur,Universidad Del Quindio,13,3,0,106,22,7,9,1,19
Centro,Sur,19,0,0,318,16,0,7,0,-1
El Bosque,Estadio Centenario,3,4,0,63,12,1,2,3,9
El Bosque,Centro,23,4,0,129,19,1,0,1,21
Sur,Universidad Del Quindio,22,3,0,181,17,7,9,1,-1
Estadio Centenario,Terminal Del Sur,23,1,0,131,12,2,8,1,-1
Norte,Sur,18,0,0,410,15,5,7,0,-1
Centro,Mercado Minorista Quindiano,23,4,1,125,29,0,4,2,-1
Mercado Minorista Quindiano,Universidad Del Quindio,5,4,1,149,18,4,9,3,-1
Estadio Centenario,Portal Del Quindio,15,4,0,143,16,2,6,1,2
Sur,Universidad Del Quindio,16,6,0,195,24,7,9,1,-1
El Bosque,La Clarita,19,0,0,450,21,1,3,0,-1
Sur,Centro,14,2,0,106,21,7,0,1,23
El Bosque,Universidad Del Quindio,21,4,0,194,15,1,9,1,2
Centro,Mercado Minorista Quindiano,3,3,0,96,20,0,4,3,-1
Portal Del Quindio,Estadio Centenario,14,5,0,96,23,6,2,1,6
Portal Del Quindio,Estadio Centenario,10,6,0,186,19,6,2,1,-1
El Bosque,Norte,15,4,1,110,25,1,5,2,11
Terminal Del Sur,Mercado Minorista Quindiano,17,2,1,306,16,8,4,0,-1
La Clarita,Universidad Del Quindio,21,4,2,130,32,3,9,2,-1
Terminal Del Sur,Sur,12,2,0,196,19,8,7,1,6
Terminal Del Sur,Portal Del Quindio,2,5,0,118,22,8,6,3,-1
Sur,Universidad Del Quindio,4,3,1,98,20,7,9,3,-1
Universidad Del Quindio,Portal Del Quindio,9,4,0,269,19,9,6,0,-1
El Bosque,Universidad Del Quindio,3,5,0,88,11,1,9,3,1
Terminal Del Sur,Portal Del Quindio,2,0,0,73,18,8,6,3,-1
Estadio Centenario,Sur,3,5,1,90,21,2,7,2,24
Universidad Del Quindio,Portal Del Quindio,13,3,0,157,21,9,6,1,6
El Bosque,Centro,19,0,1,235,20,1,0,2,-1
Mercado Minorista Quindiano,Estadio Centenario,23,3,0,155,23,4,2,1,-1
El Bosque,Portal Del Quindio,21,3,0,184,12,1,6,1,-1
Sur,Universidad Del Quindio,22,3,1,63,23,7,9,2,-1
Terminal Del Sur,Universidad Del Quindio,9,5,0,305,18,8,9,0,-1
Estadio Centenario,Terminal Del Sur,12,5,2,93,30,2,8,2,-1
Mercado Minorista Quindiano,Terminal Del Sur,12,3,0,156,13,4,8,1,3
La Clarita,Terminal Del Sur,17,1,0,220,13,3,8,1,-1
Centro,Sur,17,0,1,206,21,0,7,2,-1
La Clarita,Sur,14,1,1,197,23,3,7,2,20
Mercado Minorista Quindiano,La Clarita,14,6,1,198,25,4,3,2,-1
Norte,Sur,11,5,0,106,14,5,7,1,8
Estadio Centenario,Terminal Del Sur,20,1,0,118,12,2,8,1,-1
Terminal Del Sur,Portal Del Quindio,22,1,0,98,12,8,6,1,-1
Mercado Minorista Quindiano,Estadio Centenario,18,0,1,360,17,4,2,0,-1
Estadio Centenario,Sur,20,3,0,176,19,2,7,1,2
Norte,Estadio Centenario,6,5,0,488,10,5,2,0,-1
Mercado Minorista Quindiano,Centro,23,4,0,110,11,4,0,1,-1
Sur,Mercado Minorista Quindiano,10,0,0,135,10,7,4,3,-1
Universidad Del Quindio,Portal Del Quindio,16,1,0,147,10,9,6,1,-1
La Clarita,Estadio Centenario,9,4,0,204,11,3,2,3,-1
Universidad Del Quindio,La Clarita,21,0,0,115,19,9,3,1,-1
Norte,Sur,1,2,0,174,16,5,7,3,1
La Clarita,Centro,21,3,1,137,30,3,0,2,-1
Portal Del Quindio,Terminal Del Sur,7,5,0,258,19,6,8,3,-1
Sur,Mercado Minorista Quindiano,2,2,0,112,10,7,4,3,17
Universidad Del Quindio,Portal Del Quindio,6,4,1,219,25,9,6,2,-1
Sur,Universidad Del Quindio,3,5,0,165,15,7,9,3,-1
Terminal Del Sur,Portal Del Quindio,14,4,0,128,15,8,6,1,6
Mercado Minorista Quindiano,Universidad Del Quindio,19,3,0,469,20,4,9,0,-1
Portal Del Quindio,El Bosque,8,1,0,483,19,6,1,0,-1
Centro,Sur,16,6,1,115,24,0,7,2,-1
La Clarita,Mercado Minorista Quindiano,23,5,0,180,17,3,4,1,-1
Centro,La Clarita,11,0,1,91,19,0,3,2,-1
La Clarita,Universidad Del Quindio,2,5,1,72,24,3,9,2,24
La Clarita,Mercado Minorista Quindiano,17,2,1,396,18,3,4,0,-1
El Bosque,Centro,10,3,1,123,23,1,0,2,12
Portal Del Quindio,La Clarita,23,3,0,90,13,6,3,1,-1
La Clarita,Sur,4,4,0,121,16,3,7,3,1
Mercado Minorista Quindiano,Sur,8,6,0,437,17,4,7,0,-1
Mercado Minorista Quindiano,Sur,17,1,0,467,11,4,7,0,-1
Estadio Centenario,Sur,6,2,0,458,20,2,7,0,-1
Universidad Del Quindio,El Bosque,17,2,0,239,15,9,1,1,-1
La Clarita,Estadio Centenario,0,3,2,178,28,3,2,2,-1
Norte,Estadio Centenario,7,4,0,375,20,5,2,0,-1
Mercado Minorista Quindiano,Terminal Del Sur,4,3,0,159,15,4,8,3,1
Universidad Del Quindio,Mercado Minorista Quindiano,18,0,1,211,26,9,4,2,-1
Universidad Del Quindio,Estadio Centenario,13,6,0,65,10,9,2,1,-1
Terminal Del Sur,Norte,12,6,1,70,29,8,5,2,-1
Norte,La Clarita,12,1,0,53,21,5,3,1,16
El Bosque,Sur,5,1,1,108,22,1,7,2,-1
Universidad Del Quindio,Terminal Del Sur,4,0,0,180,10,9,8,3,-1
Terminal Del Sur,Centro,3,0,0,197,11,8,0,3,-1
Estadio Centenario,La Clarita,4,2,0,58,13,2,3,3,-1
Norte,Estadio Centenario,5,1,0,183,12,5,2,3,-1
Mercado Minorista Quindiano,Centro,11,0,1,188,17,4,0,2,-1
Portal Del Quindio,La Clarita,14,3,1,157,24,6,3,2,10
El Bosque,Mercado Minorista Quindiano,20,1,1,180,27,1,4,2,0
Centro,El Bosque,15,4,0,83,18,0,1,1,-1
Terminal Del Sur,La Clarita,18,6,1,274,24,8,3,2,-1
Mercado Minorista Quindiano,Sur,22,5,1,66,20,4,7,1,-1
Portal Del Quindio,Norte,11,2,0,143,24,6,5,3,19
Estadio Centenario,El Bosque,2,0,0,174,11,2,1,3,-1
Sur,Mercado Minorista Quindiano,1,2,1,96,22,7,4,2,13
Terminal Del Sur,El Bosque,5,0,1,197,27,8,1,2,-1
Centro,Portal Del Quindio,0,6,1,136,30,0,6,2,-1
Norte,La Clarita,2,3,1,96,21,5,3,2,13
Sur,El Bosque,14,6,0,70,12,7,1,1,-1
La Clarita,Portal Del Quindio,20,4,1,95,19,3,6,1,-1
Universidad Del Quindio,Sur,13,3,0,194,16,9,7,1,6
El Bosque,Universidad Del Quindio,8,2,0,451,22,1,9,0,-1
Centro,Sur,14,1,0,164,10,0,7,1,-1
El Bosque,Mercado Minorista Quindiano,5,2,0,140,11,1,4,3,-1
Universidad Del Quindio,La Clarita,23,5,0,87,23,9,3,1,-1
Centro,Estadio Centenario,3,4,1,121,29,0,2,2,-1
Centro,Terminal Del Sur,2,2,0,79,24,0,8,3,-1
Mercado Minorista Quindiano,Portal Del Quindio,13,2,0,133,10,4,6,1,3
La Clarita,El Bosque,7,5,0,353,15,3,1,0,-1
Terminal Del Sur,Sur,22,5,0,132,23,8,7,1,-1
Universidad Del Quindio,La Clarita,18,2,1,474,24,9,3,0,-1
Norte,Sur,19,4,1,405,30,5,7,0,-1
Norte,Sur,8,2,1,323,22,5,7,0,-1
Universidad Del Quindio,Norte,18,6,1,319,21,9,5,0,-1
Sur,La Clarita,20,4,0,79,18,7,3,1,6
El Bosque,Centro,0,3,1,138,29,1,0,2,-1
La Clarita,Sur,10,4,0,127,23,3,7,3,2
El Bosque,Portal Del Quindio,8,3,0,267,21,1,6,3,-1
Centro,Sur,7,1,0,324,23,0,7,0,-1
Universidad Del Quindio,Centro,21,0,0,169,24,9,0,1,-1
Portal Del Quindio,Terminal Del Sur,22,4,1,111,16,6,8,1,-1
La Clarita,Centro,15,5,1,61,18,3,0,2,-1
Sur,Estadio Centenario,10,5,0,99,14,7,2,1,-1
Mercado Minorista Quindiano,Centro,20,4,1,97,19,4,0,2,-1
La Clarita,Mercado Minorista Quindiano,4,2,1,186,19,3,4,3,-1
Sur,Portal Del Quindio,2,0,0,114,17,7,6,3,-1
Terminal Del Sur,Norte,12,6,1,125,21,8,5,2,-1
La Clarita,Portal Del Quindio,11,5,1,96,30,3,6,2,-1
Mercado Minorista Quindiano,Estadio Centenario,8,2,1,225,19,4,2,2,-1
Centro,Portal Del Quindio,21,4,1,100,21,0,6,2,-1
Mercado Minorista Quindiano,La Clarita,19,0,1,356,18,4,3,0,-1
Sur,El Bosque,3,6,0,141,21,7,1,3,-1
Centro,El Bosque,3,5,0,125,22,0,1,3,-1
Terminal Del Sur,El Bosque,2,5,1,140,22,8,1,2,13
El Bosque,Portal Del Quindio,8,0,0,271,16,1,6,3,-1
Estadio Centenario,Portal Del Quindio,5,5,1,194,28,2,6,2,-1
Norte,El Bosque,11,5,0,76,17,5,1,1,-1
Centro,El Bosque,18,3,0,292,22,0,1,0,-1
Terminal Del Sur,Centro,16,2,0,191,12,8,0,1,-1
Norte,Mercado Minorista Quindiano,15,4,1,133,23,5,4,2,10
Terminal Del Sur,Mercado Minorista Quindiano,16,4,0,98,23,8,4,1,6
Sur,Estadio Centenario,16,5,1,185,26,7,2,2,-1
Norte,Sur,19,3,0,289,16,5,7,1,-1
Portal Del Quindio,Norte,20,4,2,111,31,6,5,2,-1
Mercado Minorista Quindiano,Terminal Del Sur,10,5,0,175,18,4,8,1,8
Estadio Centenario,Mercado Minorista Quindiano,8,4,0,240,10,2,4,3,-1
Mercado Minorista Quindiano,Centro,23,4,1,100,26,4,0,2,-1
Sur,La Clarita,6,6,0,240,16,7,3,3,-1
Centro,Terminal Del Sur,12,2,2,196,32,0,8,2,-1
Sur,Terminal Del Sur,12,6,0,95,22,7,8,1,-1
Terminal Del Sur,Centro,0,3,0,68,21,8,0,3,-1
Mercado Minorista Quindiano,Portal Del Quindio,7,4,0,308,21,4,6,0,-1
Centro,Universidad Del Quindio,15,0,0,94,19,0,9,1,-1
Terminal Del Sur,Norte,6,3,0,449,14,8,5,0,-1
Sur,Centro,7,0,0,373,16,7,0,0,-1
Sur,Norte,12,6,0,133,11,7,5,1,-1
La Clarita,Terminal Del Sur,17,1,0,360,24,3,8,0,-1
El Bosque,Sur,3,1,0,196,24,1,7,3,5
El Bosque,Centro,7,3,1,312,16,1,0,0,-1
Mercado Minorista Quindiano,El Bosque,11,1,0,192,18,4,1,3,16
El Bosque,Centro,6,1,0,484,18,1,0,0,-1
Estadio Centenario,La Clarita,9,1,0,465,23,2,3,0,-1
Terminal Del Sur,Sur,17,2,0,317,18,8,7,0,-1
El Bosque,Centro,6,3,1,458,19,1,0,0,-1
Centro,El Bosque,5,2,1,166,17,0,1,3,-1
Norte,El Bosque,5,2,0,193,23,5,1,3,-1
La Clarita,Universidad Del Quindio,7,1,1,280,24,3,9,2,-1
Norte,Terminal Del Sur,11,2,1,114,22,5,8,2,20
Mercado Minorista Quindiano,Portal Del Quindio,12,6,0,150,14,4,6,1,8
Mercado Minorista Quindiano,La Clarita,16,6,0,72,17,4,3,1,-1
Centro,Mercado Minorista Quindiano,5,3,0,70,15,0,4,3,-1
Norte,Portal Del Quindio,10,1,0,148,22,5,6,3,19
Estadio Centenario,Norte,22,0,1,171,29,2,5,2,0
Universidad Del Quindio,El Bosque,11,1,1,81,18,9,1,2,-1
Centro,Terminal Del Sur,2,3,0,128,18,0,8,3,1
La Clarita,Portal Del Quindio,22,2,0,97,19,3,6,1,2
El Bosque,Portal Del Quindio,21,3,0,173,10,1,6,1,-1
Terminal Del Sur,Universidad Del Quindio,23,6,1,83,23,8,9,1,-1
Estadio Centenario,Portal Del Quindio,4,6,0,105,10,2,6,3,-1
Mercado Minorista Quindiano,Norte,0,6,0,197,12,4,5,3,9
La Clarita,Norte,9,3,1,325,26,3,5,2,-1
Mercado Minorista Quindiano,El Bosque,16,0,0,87,14,4,1,1,-1
Estadio Centenario,Portal Del Quindio,7,1,0,375,13,2,6,0,-1
Norte,Portal Del Quindio,23,3,1,114,30,5,6,2,-1
Portal Del Quindio,Terminal Del Sur,3,0,0,158,11,6,8,3,-1
La Clarita,Estadio Centenario,4,5,1,169,23,3,2,2,-1
Centro,Terminal Del Sur,2,2,0,94,13,0,8,3,1
Mercado Minorista Quindiano,Centro,13,5,0,156,20,4,0,1,-1
Norte,Universidad Del Quindio,9,2,1,461,26,5,9,0,-1
El Bosque,La Clarita,14,4,2,79,31,1,3,2,-1
Mercado Minorista Quindiano,La Clarita,4,1,0,174,14,4,3,3,-1
El Bosque,Portal Del Quindio,9,3,0,234,16,1,6,3,-1
Portal Del Quindio,Sur,5,3,1,67,27,6,7,2,-1
Sur,Centro,8,0,0,484,22,7,0,0,-1
Universidad Del Quindio,La Clarita,14,5,0,194,22,9,3,1,6
Estadio Centenario,La Clarita,15,5,1,117,20,2,3,2,-1
El Bosque,Estadio Centenario,4,0,0,98,22,1,2,3,-1
Centro,Sur,1,4,0,135,14,0,7,3,1
El Bosque,Norte,22,2,0,180,19,1,5,1,2
La Clarita,Sur,1,4,0,100,19,3,7,3,1
Portal Del Quindio,Mercado Minorista Quindiano,16,4,0,176,21,6,4,1,6
Norte,La Clarita,20,3,0,188,16,5,3,1,-1
Sur,Norte,3,2,2,178,33,7,5,2,-1
Estadio Centenario,Terminal Del Sur,23,4,0,190,24,2,8,1,2
Universidad Del Quindio,Centro,1,2,1,66,18,9,0,3,-1
Norte,Centro,17,5,2,448,29,5,0,2,-1
Sur,El Bosque,18,4,1,207,27,7,1,2,-1
Centro,La Clarita,4,0,1,150,19,0,3,3,-1
Centro,El Bosque,21,2,1,113,26,0,1,2,-1
Sur,Centro,20,1,1,60,21,7,0,2,-1
La Clarita,Centro,12,6,0,189,15,3,0,1,-1
Universidad Del Quindio,Norte,20,5,0,188,16,9,5,1,7
Terminal Del Sur,Mercado Minorista Quindiano,4,0,1,69,24,8,4,2,-1
Norte,Universidad Del Quindio,13,1,1,61,21,5,9,2,20
Portal Del Quindio,Sur,16,2,0,196,19,6,7,1,6
Universidad Del Quindio,Sur,15,3,0,101,15,9,7,1,6
Terminal Del Sur,Portal Del Quindio,22,1,1,151,26,8,6,2,-1
Estadio Centenario,Universidad Del Quindio,0,5,0,192,20,2,9,3,1
El Bosque,Universidad Del Quindio,10,0,0,131,21,1,9,3,-1
Portal Del Quindio,Terminal Del Sur,18,6,0,438,13,6,8,0,-1
Estadio Centenario,Norte,6,4,1,362,30,2,5,2,-1
La Clarita,Estadio Centenario,8,3,0,424,17,3,2,0,-1
Universidad Del Quindio,La Clarita,18,6,1,493,18,9,3,0,-1
Mercado Minorista Quindiano,El Bosque,4,4,0,80,16,4,1,3,-1
La Clarita,Portal Del Quindio,15,1,0,71,22,3,6,1,14
El Bosque,Norte,21,2,1,116,21,1,5,2,-1
La Clarita,Portal Del Quindio,9,1,1,325,20,3,6,0,-1
Portal Del Quindio,La Clarita,15,3,0,84,17,6,3,1,6
Norte,El Bosque,14,2,0,68,11,5,1,1,-1
Mercado Minorista Quindiano,La Clarita,7,1,2,312,29,4,3,2,-1
Sur,Portal Del Quindio,6,5,0,334,12,7,6,0,-1
La Clarita,Mercado Minorista Quindiano,0,3,1,74,20,3,4,3,13
La Clarita,Sur,0,6,0,86,22,3,7,3,-1
Portal Del Quindio,Estadio Centenario,7,4,0,387,18,6,2,0,18
Sur,Estadio Centenario,0,3,0,84,11,7,2,3,17
Norte,El Bosque,7,6,1,464,17,5,1,0,-1
Universidad Del Quindio,Norte,13,5,0,177,13,9,5,1,6
Terminal Del Sur,Portal Del Quindio,5,2,1,148,23,8,6,2,-1
Sur,Mercado Minorista Quindiano,2,5,0,83,22,7,4,3,22
Sur,Portal Del Quindio,18,2,1,215,17,7,6,1,-1
La Clarita,Centro,7,0,0,361,19,3,0,0,-1
Mercado Minorista Quindiano,Centro,15,5,0,115,11,4,0,1,-1
La Clarita,Sur,12,6,1,83,22,3,7,2,-1
Mercado Minorista Quindiano,Estadio Centenario,2,6,1,169,29,4,2,2,-1
Estadio Centenario,La Clarita,22,2,0,167,22,2,3,1,2
Terminal Del Sur,Sur,6,4,0,494,10,8,7,0,-1
El Bosque,Sur,16,0,0,62,14,1,7,1,14
Norte,Universidad Del Quindio,18,4,1,474,24,5,9,0,-1
Terminal Del Sur,Norte,21,6,0,130,16,8,5,1,-1
La Clarita,Portal Del Quindio,22,5,1,123,25,3,6,2,-1
Universidad Del Quindio,Sur,3,5,0,101,13,9,7,3,-1
Centro,El Bosque,17,5,0,377,21,0,1,0,-1
La Clarita,Sur,13,3,2,102,29,3,7,2,-1
La Clarita,Estadio Centenario,14,5,0,79,24,3,2,1,2
Portal Del Quindio,El Bosque,3,4,1,108,22,6,1,2,13
Centro,Norte,7,1,0,211,16,0,5,3,-1
Universidad Del Quindio,Mercado Minorista Quindiano,13,1,2,131,29,9,4,2,-1
Universidad Del Quindio,Mercado Minorista Quindiano,1,6,0,124,18,9,4,3,22
Mercado Minorista Quindiano,Centro,11,0,1,128,24,4,0,2,-1
Terminal Del Sur,Portal Del Quindio,16,1,0,142,19,8,6,1,6
Centro,Norte,17,5,0,493,10,0,5,0,-1
La Clarita,El Bosque,22,1,1,57,24,3,1,2,-1
Sur,Universidad Del Quindio,5,4,0,170,22,7,9,3,-1
Centro,Terminal Del Sur,10,0,2,114,32,0,8,2,-1
La Clarita,Estadio Centenario,18,0,1,361,27,3,2,0,-1
Sur,Universidad Del Quindio,3,3,0,131,24,7,9,3,-1
Centro,Mercado Minorista Quindiano,18,4,0,282,10,0,4,1,-1
Portal Del Quindio,Universidad Del Quindio,5,3,1,194,25,6,9,2,-1
Estadio Centenario,El Bosque,22,1,1,109,26,2,1,2,-1
Centro,Norte,23,6,0,187,24,0,5,1,-1
Estadio Centenario,Universidad Del Quindio,22,4,0,198,20,2,9,1,2
La Clarita,Norte,12,4,0,73,21,3,5,1,2
El Bosque,Estadio Centenario,10,0,0,74,23,1,2,3,-1
Norte,El Bosque,8,4,0,410,21,5,1,0,-1
El Bosque,Centro,4,1,0,194,14,1,0,3,-1
Centro,La Clarita,21,6,1,77,24,0,3,2,-1
El Bosque,Centro,2,6,1,195,29,1,0,2,-1
La Clarita,Universidad Del Quindio,2,3,0,154,21,3,9,3,15
Universidad Del Quindio,Norte,6,0,0,212,11,9,5,3,-1
Universidad Del Quindio,El Bosque,4,4,0,149,24,9,1,3,-1
El Bosque,Norte,1,0,0,122,15,1,5,3,-1
Centro,Sur,10,5,1,149,28,0,7,2,-1
