estacion_origen,estacion_destino,hora_del_dia,es_hora_pico,dia_semana,es_fin_de_semana,num_transbordos,linea_principal,pasajeros_en_sistema,tiempo_estimado_min,tiempo_real_min,ruta_optima
Centro,Norte,6,1,3,0,0,A,306,8.5,13.16,0
El Bosque,Portal Del Quindio,7,1,4,0,1,B,321,20.5,22.68,0
Portal Del Quindio,Sur,18,1,6,1,0,A,287,8.5,6.91,1
Centro,Estadio Centenario,20,0,3,0,1,B,180,19.0,18.0,1
Centro,Mercado Minorista Quindiano,21,0,4,0,0,B,87,8.0,12.79,0
Norte,Terminal Del Sur,1,0,3,0,1,C,107,22.5,21.78,1
Centro,Portal Del Quindio,21,0,4,0,0,A,98,7.0,8.02,1
Portal Del Quindio,Estadio Centenario,9,1,3,0,0,C,470,9.0,13.82,0
Terminal Del Sur,Norte,14,0,5,1,1,C,104,22.5,21.9,1
Estadio Centenario,Portal Del Quindio,19,1,0,0,0,C,334,9.0,7.33,1
Estadio Centenario,Mercado Minorista Quindiano,20,0,0,0,0,C,181,5.25,3.71,1
Portal Del Quindio,Universidad Del Quindio,13,0,1,0,0,C,139,5.25,5.95,1
Terminal Del Sur,El Bosque,20,0,1,0,1,B,160,24.0,26.79,0
Norte,Sur,6,1,3,0,0,A,234,16.5,17.97,1
Mercado Minorista Quindiano,La Clarita,13,0,0,0,0,B,153,8.0,7.81,1
El Bosque,Sur,3,0,1,0,1,A,103,21.0,21.98,1
Portal Del Quindio,La Clarita,9,1,3,0,1,B,390,25.5,24.79,1
Centro,Terminal Del Sur,17,1,1,0,1,B,401,20.5,21.65,1
Mercado Minorista Quindiano,Centro,3,0,5,1,0,B,64,8.0,11.09,0
La Clarita,Terminal Del Sur,7,1,5,1,1,B,389,20.5,19.87,1
Terminal Del Sur,El Bosque,7,1,4,0,1,B,252,25.5,26.22,1
Norte,Universidad Del Quindio,23,0,1,0,1,A,173,21.0,25.76,0
Estadio Centenario,Centro,12,0,0,0,1,C,94,13.5,13.57,1
Mercado Minorista Quindiano,Centro,0,0,0,0,0,B,137,8.0,12.91,0
Estadio Centenario,El Bosque,0,0,3,0,1,B,112,24.0,24.05,1
Terminal Del Sur,La Clarita,10,0,2,0,1,C,82,13.5,16.45,0
Terminal Del Sur,Portal Del Quindio,4,0,1,0,0,C,90,12.0,12.51,1
Centro,Norte,6,1,0,0,0,A,232,8.5,10.86,0
Portal Del Quindio,El Bosque,15,0,6,1,1,A,86,17.0,17.18,1
Centro,Portal Del Quindio,2,0,3,0,0,A,84,7.0,9.46,0
Centro,Mercado Minorista Quindiano,0,0,2,0,0,B,180,8.0,6.84,1
El Bosque,Universidad Del Quindio,0,0,4,0,1,B,191,29.0,30.93,1
La Clarita,Sur,6,1,2,0,1,B,214,30.5,32.16,1
La Clarita,Terminal Del Sur,9,1,3,0,1,B,262,20.5,19.26,1
Portal Del Quindio,El Bosque,6,1,0,0,1,A,295,18.5,18.7,1
Centro,Sur,3,0,5,1,0,A,192,11.0,9.98,1
Estadio Centenario,Portal Del Quindio,10,0,4,0,0,C,120,7.5,7.1,1
Sur,Universidad Del Quindio,18,1,5,1,1,A,369,18.5,22.66,0
Mercado Minorista Quindiano,El Bosque,12,0,5,1,0,B,183,13.0,15.43,0
Estadio Centenario,Portal Del Quindio,11,0,3,0,0,C,124,7.5,8.42,1
La Clarita,Norte,22,0,3,0,1,B,178,24.0,24.49,1
Portal Del Quindio,Norte,19,1,4,0,0,A,397,12.5,16.53,0
La Clarita,Mercado Minorista Quindiano,7,1,2,0,0,B,364,9.5,10.42,1
El Bosque,Centro,0,0,2,0,0,B,108,8.0,7.89,1
Portal Del Quindio,La Clarita,21,0,0,0,1,B,111,24.0,24.83,1
Portal Del Quindio,Universidad Del Quindio,16,0,1,0,0,C,88,5.25,9.99,0
Mercado Minorista Quindiano,Universidad Del Quindio,1,0,2,0,0,C,162,7.5,7.61,1
Sur,El Bosque,23,0,0,0,1,A,51,21.0,20.87,1
Sur,Portal Del Quindio,1,0,3,0,0,A,178,7.0,5.36,1
Estadio Centenario,Terminal Del Sur,18,1,5,1,0,C,371,9.0,8.01,1
El Bosque,Mercado Minorista Quindiano,5,0,6,1,0,B,172,13.0,15.7,0
Terminal Del Sur,Mercado Minorista Quindiano,16,0,6,1,0,C,118,5.25,8.87,0
La Clarita,Portal Del Quindio,19,1,1,0,1,B,439,25.5,27.93,0
Sur,Estadio Centenario,15,0,0,0,1,C,119,15.75,14.81,1
Universidad Del Quindio,Centro,15,0,4,0,1,C,196,13.5,17.51,0
Norte,Centro,2,0,6,1,0,A,145,7.0,6.59,1
Sur,Terminal Del Sur,6,1,3,0,1,C,327,21.75,26.33,0
Mercado Minorista Quindiano,Centro,6,1,1,0,0,B,466,9.5,13.36,0
Mercado Minorista Quindiano,Terminal Del Sur,17,1,6,1,0,C,497,6.75,8.54,1
Terminal Del Sur,Universidad Del Quindio,2,0,6,1,0,C,139,9.75,12.37,0
Estadio Centenario,El Bosque,15,0,0,0,1,B,162,24.0,25.62,1
Estadio Centenario,Norte,1,0,0,0,1,C,189,18.0,16.65,1
Centro,Estadio Centenario,4,0,4,0,1,B,58,19.0,23.18,0
El Bosque,La Clarita,8,1,2,0,0,B,407,19.5,22.4,0
Centro,El Bosque,2,0,3,0,0,B,169,8.0,12.21,0
Mercado Minorista Quindiano,Sur,0,0,3,0,1,A,153,21.0,19.59,1
Universidad Del Quindio,Norte,19,1,5,1,1,A,298,22.5,20.56,1
El Bosque,Estadio Centenario,17,1,5,1,1,B,362,25.5,27.34,1
Sur,Estadio Centenario,15,0,4,0,1,C,117,15.75,15.32,1
Centro,El Bosque,0,0,5,1,0,B,197,8.0,8.28,1
Estadio Centenario,Portal Del Quindio,23,0,6,1,0,C,177,7.5,10.55,0
Sur,La Clarita,0,0,3,0,1,A,168,25.0,26.56,1
Sur,Estadio Centenario,21,0,5,1,1,C,158,15.75,17.88,0
Estadio Centenario,Norte,18,1,5,1,1,C,226,19.5,23.84,0
Terminal Del Sur,La Clarita,1,0,4,0,1,C,77,13.5,15.02,1
Universidad Del Quindio,Norte,14,0,0,0,1,A,110,21.0,20.37,1
Centro,La Clarita,15,0,2,0,0,B,98,13.0,15.0,0
El Bosque,Portal Del Quindio,16,0,3,0,1,B,95,19.0,23.58,0
Norte,Portal Del Quindio,20,0,5,1,0,A,86,11.0,11.59,1
Terminal Del Sur,Centro,23,0,4,0,1,C,144,13.5,14.5,1
Centro,Universidad Del Quindio,2,0,3,0,1,A,116,17.0,20.97,0
Centro,Estadio Centenario,17,1,0,0,1,B,253,20.5,21.26,1
Sur,Terminal Del Sur,2,0,5,1,1,C,81,20.25,18.93,1
Universidad Del Quindio,Estadio Centenario,14,0,5,1,0,C,176,5.25,5.76,1
Sur,El Bosque,9,1,1,0,1,A,303,22.5,22.76,1
Estadio Centenario,Mercado Minorista Quindiano,0,0,0,0,0,C,88,5.25,8.17,0
Portal Del Quindio,Estadio Centenario,9,1,6,1,0,C,212,9.0,9.94,1
Portal Del Quindio,El Bosque,6,1,0,0,1,A,219,18.5,20.9,0
Mercado Minorista Quindiano,La Clarita,0,0,5,1,0,B,164,8.0,11.57,0
Universidad Del Quindio,Estadio Centenario,22,0,6,1,0,C,115,5.25,5.88,1
Universidad Del Quindio,Centro,22,0,6,1,1,C,112,13.5,11.75,1
Portal Del Quindio,Terminal Del Sur,21,0,1,0,0,C,98,12.0,16.02,0
Centro,La Clarita,19,1,1,0,0,B,253,14.5,18.26,0
Norte,Estadio Centenario,10,0,3,0,1,A,57,25.0,25.29,1
Portal Del Quindio,Terminal Del Sur,20,0,3,0,0,C,54,12.0,11.51,1
Norte,Centro,6,1,3,0,0,A,246,8.5,12.39,0
Norte,Portal Del Quindio,2,0,6,1,0,A,193,11.0,9.97,1
Centro,Norte,12,0,1,0,0,A,196,7.0,8.61,1
La Clarita,Centro,16,0,6,1,0,B,107,13.0,14.03,1
Estadio Centenario,Portal Del Quindio,22,0,1,0,0,C,166,7.5,5.68,1
El Bosque,Universidad Del Quindio,22,0,6,1,1,B,178,29.0,31.87,0
Portal Del Quindio,Estadio Centenario,0,0,6,1,0,C,175,7.5,7.25,1
Sur,Universidad Del Quindio,21,0,0,0,1,A,166,17.0,19.62,0
Portal Del Quindio,Universidad Del Quindio,0,0,4,0,0,C,118,5.25,8.42,0
Mercado Minorista Quindiano,Portal Del Quindio,21,0,4,0,0,C,125,9.75,10.69,1
Centro,Terminal Del Sur,15,0,2,0,1,B,78,19.0,22.3,0
Mercado Minorista Quindiano,La Clarita,13,0,3,0,0,B,143,8.0,6.32,1
Mercado Minorista Quindiano,Terminal Del Sur,13,0,5,1,0,C,193,5.25,8.18,0
Universidad Del Quindio,Norte,15,0,4,0,1,A,82,21.0,22.31,1
Centro,Norte,4,0,6,1,0,A,118,7.0,5.34,1
Mercado Minorista Quindiano,La Clarita,3,0,1,0,0,B,187,8.0,7.83,1
Centro,Portal Del Quindio,18,1,1,0,0,A,203,8.5,10.01,1
Portal Del Quindio,Terminal Del Sur,15,0,6,1,0,C,177,12.0,16.61,0
Estadio Centenario,Universidad Del Quindio,19,1,3,0,0,C,232,6.75,7.47,1
Sur,Mercado Minorista Quindiano,0,0,4,0,1,A,150,21.0,22.82,1
Sur,El Bosque,11,0,2,0,1,A,123,21.0,24.74,0
Universidad Del Quindio,Portal Del Quindio,10,0,3,0,0,C,61,5.25,5.17,1
Centro,Universidad Del Quindio,13,0,1,0,1,A,84,17.0,15.27,1
Estadio Centenario,Centro,22,0,0,0,1,C,142,13.5,16.09,0
Norte,Estadio Centenario,9,1,1,0,1,A,314,26.5,26.88,1
Norte,Centro,8,1,6,1,0,A,313,8.5,7.33,1
Portal Del Quindio,Sur,12,0,2,0,0,A,70,7.0,11.14,0
Mercado Minorista Quindiano,Universidad Del Quindio,3,0,1,0,0,C,148,7.5,8.46,1
Universidad Del Quindio,Portal Del Quindio,15,0,3,0,0,C,145,5.25,5.85,1
Mercado Minorista Quindiano,Norte,23,0,6,1,1,B,86,19.0,23.52,0
Sur,Mercado Minorista Quindiano,11,0,0,0,1,A,72,21.0,23.76,0
Norte,Mercado Minorista Quindiano,2,0,0,0,1,A,162,17.0,17.64,1
El Bosque,Universidad Del Quindio,19,1,0,0,1,B,386,30.5,30.74,1
El Bosque,Mercado Minorista Quindiano,18,1,0,0,0,B,432,14.5,12.87,1
Estadio Centenario,Universidad Del Quindio,18,1,3,0,0,C,483,6.75,7.23,1
Sur,Portal Del Quindio,13,0,6,1,0,A,132,7.0,11.65,0
El Bosque,Portal Del Quindio,14,0,4,0,1,B,189,19.0,17.64,1
Norte,Estadio Centenario,19,1,2,0,1,A,252,26.5,25.99,1
Norte,La Clarita,22,0,0,0,1,B,91,24.0,22.79,1
Norte,Terminal Del Sur,6,1,5,1,1,C,332,24.0,25.85,1
Terminal Del Sur,Universidad Del Quindio,2,0,6,1,0,C,124,9.75,11.57,1
Estadio Centenario,Terminal Del Sur,17,1,6,1,0,C,273,9.0,8.0,1
Sur,Norte,11,0,0,0,0,A,56,15.0,13.71,1
Estadio Centenario,Centro,13,0,4,0,1,C,186,13.5,13.06,1
Sur,Centro,17,1,2,0,0,A,204,12.5,15.44,0
Terminal Del Sur,Centro,4,0,5,1,1,C,158,13.5,18.41,0
Portal Del Quindio,Mercado Minorista Quindiano,0,0,5,1,0,C,120,9.75,13.44,0
Centro,Portal Del Quindio,12,0,3,0,0,A,68,7.0,7.45,1
Terminal Del Sur,Norte,11,0,5,1,1,C,139,22.5,25.44,0
Terminal Del Sur,Centro,18,1,6,1,1,C,372,15.0,16.04,1
Mercado Minorista Quindiano,Estadio Centenario,12,0,1,0,0,C,107,5.25,6.53,1
La Clarita,El Bosque,19,1,3,0,0,B,200,19.5,22.87,0
Portal Del Quindio,La Clarita,2,0,4,0,1,B,162,24.0,23.66,1
Portal Del Quindio,El Bosque,23,0,0,0,1,A,183,17.0,16.57,1
Mercado Minorista Quindiano,Sur,11,0,4,0,1,A,110,21.0,25.79,0
El Bosque,Universidad Del Quindio,14,0,4,0,1,B,196,29.0,27.3,1
La Clarita,Centro,19,1,0,0,0,B,432,14.5,16.16,1
Norte,Universidad Del Quindio,16,0,5,1,1,A,50,21.0,21.06,1
Terminal Del Sur,Centro,20,0,5,1,1,C,193,13.5,15.59,0
Centro,Estadio Centenario,22,0,0,0,1,B,123,19.0,23.41,0
Portal Del Quindio,Estadio Centenario,15,0,5,1,0,C,166,7.5,8.69,1
El Bosque,Sur,7,1,1,0,1,A,289,22.5,21.82,1
La Clarita,Centro,7,1,1,0,0,B,227,14.5,14.11,1
Portal Del Quindio,La Clarita,4,0,0,0,1,B,194,24.0,23.82,1
El Bosque,Sur,8,1,0,0,1,A,419,22.5,23.38,1
Universidad Del Quindio,Estadio Centenario,15,0,4,0,0,C,84,5.25,4.18,1
El Bosque,Estadio Centenario,5,0,1,0,1,B,96,24.0,24.92,1
Norte,Estadio Centenario,1,0,1,0,1,A,158,25.0,29.53,0
El Bosque,Centro,4,0,6,1,0,B,167,8.0,8.88,1
Sur,El Bosque,0,0,1,0,1,A,60,21.0,25.91,0
Centro,Terminal Del Sur,20,0,1,0,1,B,135,19.0,19.67,1
Estadio Centenario,Sur,16,0,4,0,1,C,154,15.75,14.19,1
El Bosque,Terminal Del Sur,2,0,6,1,1,B,104,24.0,23.91,1
Terminal Del Sur,Portal Del Quindio,5,0,3,0,0,C,144,12.0,15.69,0
La Clarita,Portal Del Quindio,4,0,5,1,1,B,72,24.0,28.39,0
El Bosque,Estadio Centenario,4,0,4,0,1,B,132,24.0,28.61,0
Universidad Del Quindio,El Bosque,16,0,4,0,1,C,159,18.0,19.15,1
Norte,Centro,0,0,2,0,0,A,53,7.0,6.92,1
Mercado Minorista Quindiano,El Bosque,0,0,0,0,0,B,83,13.0,16.3,0
Norte,Terminal Del Sur,7,1,6,1,1,C,361,24.0,26.7,0
La Clarita,Sur,21,0,5,1,1,B,99,29.0,32.82,0
El Bosque,Sur,11,0,0,0,1,A,182,21.0,22.86,1
Universidad Del Quindio,Estadio Centenario,16,0,6,1,0,C,134,5.25,3.45,1
Mercado Minorista Quindiano,Estadio Centenario,13,0,1,0,0,C,152,5.25,8.89,0
Norte,Centro,5,0,3,0,0,A,99,7.0,11.86,0
Centro,Sur,1,0,1,0,0,A,140,11.0,11.75,1
Estadio Centenario,Norte,18,1,6,1,1,C,448,19.5,22.58,0
La Clarita,Estadio Centenario,5,0,0,0,1,B,79,19.0,22.49,0
Sur,Mercado Minorista Quindiano,22,0,1,0,1,A,182,21.0,25.04,0
Sur,Norte,3,0,1,0,0,A,123,15.0,19.49,0
El Bosque,La Clarita,16,0,3,0,0,B,118,18.0,16.46,1
Norte,La Clarita,1,0,5,1,1,B,175,24.0,25.45,1
Portal Del Quindio,Terminal Del Sur,10,0,2,0,0,C,164,12.0,11.68,1
Centro,La Clarita,14,0,0,0,0,B,129,13.0,14.22,1
Estadio Centenario,Mercado Minorista Quindiano,10,0,5,1,0,C,181,5.25,8.13,0
Terminal Del Sur,Sur,7,1,3,0,1,C,394,21.75,22.17,1
Portal Del Quindio,Sur,2,0,2,0,0,A,110,7.0,9.67,0
Sur,Mercado Minorista Quindiano,18,1,2,0,1,A,291,22.5,26.25,0
Norte,Sur,9,1,4,0,0,A,200,16.5,14.72,1
La Clarita,Mercado Minorista Quindiano,4,0,0,0,0,B,95,8.0,8.49,1
Portal Del Quindio,El Bosque,1,0,0,0,1,A,94,17.0,18.52,1
Sur,Centro,8,1,1,0,0,A,320,12.5,16.1,0
Mercado Minorista Quindiano,Norte,21,0,6,1,1,B,156,19.0,20.58,1
Universidad Del Quindio,Portal Del Quindio,15,0,4,0,0,C,85,5.25,3.27,1
Portal Del Quindio,Universidad Del Quindio,0,0,0,0,0,C,96,5.25,7.43,0
La Clarita,El Bosque,23,0,5,1,0,B,77,18.0,17.65,1
Portal Del Quindio,Terminal Del Sur,22,0,5,1,0,C,158,12.0,13.24,1
Norte,Portal Del Quindio,13,0,2,0,0,A,56,11.0,10.77,1
Mercado Minorista Quindiano,La Clarita,2,0,6,1,0,B,156,8.0,11.91,0
El Bosque,Centro,14,0,3,0,0,B,87,8.0,6.75,1
El Bosque,La Clarita,2,0,2,0,0,B,168,18.0,17.7,1
Estadio Centenario,Mercado Minorista Quindiano,4,0,3,0,0,C,66,5.25,3.39,1
Estadio Centenario,La Clarita,6,1,5,1,1,C,499,15.0,15.29,1
Norte,Centro,16,0,4,0,0,A,117,7.0,9.16,0
El Bosque,Sur,9,1,2,0,1,A,345,22.5,25.04,0
Terminal Del Sur,El Bosque,14,0,3,0,1,B,83,24.0,25.76,1
Norte,Centro,14,0,0,0,0,A,91,7.0,8.95,1
Terminal Del Sur,Mercado Minorista Quindiano,8,1,4,0,0,C,481,6.75,7.29,1
La Clarita,Terminal Del Sur,1,0,2,0,1,B,158,19.0,19.49,1
Mercado Minorista Quindiano,Estadio Centenario,5,0,4,0,0,C,199,5.25,9.79,0
Centro,Mercado Minorista Quindiano,20,0,5,1,0,B,161,8.0,8.56,1
Terminal Del Sur,Portal Del Quindio,3,0,5,1,0,C,111,12.0,11.31,1
El Bosque,Norte,23,0,6,1,1,B,180,19.0,22.9,0
Mercado Minorista Quindiano,Norte,18,1,6,1,1,B,235,20.5,21.37,1
Estadio Centenario,Terminal Del Sur,23,0,6,1,0,C,124,7.5,11.78,0
Portal Del Quindio,La Clarita,3,0,6,1,1,B,162,24.0,27.72,0
Mercado Minorista Quindiano,Centro,23,0,5,1,0,B,128,8.0,10.68,0
La Clarita,Terminal Del Sur,10,0,1,0,1,B,93,19.0,18.96,1
Centro,El Bosque,4,0,5,1,0,B,117,8.0,12.78,0
Estadio Centenario,El Bosque,18,1,3,0,1,B,312,25.5,27.05,1
Mercado Minorista Quindiano,La Clarita,11,0,6,1,0,B,191,8.0,10.95,0
Mercado Minorista Quindiano,El Bosque,5,0,4,0,0,B,149,13.0,14.54,1
Estadio Centenario,Sur,12,0,2,0,1,C,183,15.75,17.91,0
Portal Del Quindio,Mercado Minorista Quindiano,17,1,1,0,0,C,337,11.25,13.09,1
Mercado Minorista Quindiano,Sur,11,0,1,0,1,A,179,21.0,21.26,1
Terminal Del Sur,El Bosque,19,1,0,0,1,B,472,25.5,24.47,1
Mercado Minorista Quindiano,Estadio Centenario,8,1,2,0,0,C,237,6.75,8.06,1
Norte,El Bosque,22,0,2,0,1,A,98,17.0,17.44,1
El Bosque,Portal Del Quindio,4,0,5,1,1,B,127,19.0,22.22,0
Mercado Minorista Quindiano,La Clarita,20,0,2,0,0,B,125,8.0,12.57,0
Universidad Del Quindio,Terminal Del Sur,2,0,2,0,0,C,113,9.75,14.24,0
Universidad Del Quindio,Portal Del Quindio,21,0,3,0,0,C,121,5.25,9.14,0
Estadio Centenario,Universidad Del Quindio,10,0,0,0,0,C,109,5.25,8.5,0
Sur,Centro,2,0,4,0,0,A,132,11.0,10.3,1
El Bosque,Estadio Centenario,13,0,1,0,1,B,138,24.0,28.36,0
Terminal Del Sur,La Clarita,12,0,1,0,1,C,89,13.5,14.25,1
Centro,Portal Del Quindio,7,1,6,1,0,A,487,8.5,11.5,0
El Bosque,Portal Del Quindio,18,1,4,0,1,B,222,20.5,20.61,1
Portal Del Quindio,Sur,14,0,0,0,0,A,102,7.0,6.63,1
Norte,Terminal Del Sur,7,1,2,0,1,C,397,24.0,25.8,1
Portal Del Quindio,Universidad Del Quindio,5,0,2,0,0,C,91,5.25,7.64,0
Terminal Del Sur,Centro,19,1,6,1,1,C,488,15.0,19.15,0
Universidad Del Quindio,Mercado Minorista Quindiano,19,1,5,1,0,C,356,9.0,13.26,0
Terminal Del Sur,Portal Del Quindio,5,0,0,0,0,C,82,12.0,12.18,1
Mercado Minorista Quindiano,Universidad Del Quindio,3,0,5,1,0,C,54,7.5,10.5,0
Mercado Minorista Quindiano,Portal Del Quindio,9,1,0,0,0,C,358,11.25,9.97,1
Sur,Norte,14,0,3,0,0,A,64,15.0,16.2,1
Centro,Mercado Minorista Quindiano,7,1,4,0,0,B,372,9.5,10.9,1
Portal Del Quindio,Sur,1,0,2,0,0,A,85,7.0,9.49,0
Estadio Centenario,Universidad Del Quindio,10,0,2,0,0,C,60,5.25,5.67,1
Norte,Estadio Centenario,9,1,5,1,1,A,222,26.5,26.09,1
Portal Del Quindio,Centro,14,0,1,0,0,A,189,7.0,11.63,0
Universidad Del Quindio,Sur,12,0,5,1,1,C,160,13.5,12.21,1
Universidad Del Quindio,Estadio Centenario,7,1,3,0,0,C,332,6.75,8.9,0
Estadio Centenario,La Clarita,23,0,4,0,1,C,155,13.5,16.45,0
Universidad Del Quindio,Estadio Centenario,16,0,3,0,0,C,186,5.25,5.87,1
Mercado Minorista Quindiano,Estadio Centenario,21,0,2,0,0,C,89,5.25,8.41,0
Universidad Del Quindio,Sur,8,1,5,1,1,C,456,15.0,19.37,0
Universidad Del Quindio,Terminal Del Sur,13,0,4,0,0,C,159,9.75,14.64,0
El Bosque,Portal Del Quindio,3,0,5,1,1,B,50,19.0,22.86,0
El Bosque,Estadio Centenario,21,0,6,1,1,B,192,24.0,23.59,1
Universidad Del Quindio,Portal Del Quindio,20,0,6,1,0,C,186,5.25,3.63,1
El Bosque,Universidad Del Quindio,9,1,3,0,1,B,353,30.5,34.01,0
Centro,El Bosque,8,1,2,0,0,B,224,9.5,10.29,1
Portal Del Quindio,El Bosque,10,0,5,1,1,A,140,17.0,17.42,1
La Clarita,Terminal Del Sur,16,0,2,0,1,B,74,19.0,17.23,1
Estadio Centenario,Centro,6,1,3,0,1,C,360,15.0,15.93,1
Sur,Terminal Del Sur,16,0,4,0,1,C,199,20.25,22.31,0
Portal Del Quindio,Mercado Minorista Quindiano,17,1,4,0,0,C,283,11.25,12.86,1
Sur,Portal Del Quindio,8,1,0,0,0,A,262,8.5,10.4,1
Centro,Mercado Minorista Quindiano,7,1,0,0,0,B,423,9.5,9.6,1
Mercado Minorista Quindiano,La Clarita,12,0,5,1,0,B,172,8.0,11.25,0
Estadio Centenario,Universidad Del Quindio,23,0,2,0,0,C,78,5.25,5.7,1
Mercado Minorista Quindiano,Norte,16,0,4,0,1,B,193,19.0,19.64,1
Portal Del Quindio,Mercado Minorista Quindiano,7,1,2,0,0,C,277,11.25,9.71,1
Mercado Minorista Quindiano,Norte,18,1,6,1,1,B,312,20.5,22.19,1
Terminal Del Sur,Mercado Minorista Quindiano,17,1,5,1,0,C,331,6.75,8.67,1
Universidad Del Quindio,Norte,0,0,4,0,1,A,180,21.0,19.53,1
La Clarita,El Bosque,9,1,1,0,0,B,361,19.5,23.78,0
Mercado Minorista Quindiano,Terminal Del Sur,0,0,6,1,0,C,81,5.25,10.1,0
Estadio Centenario,Terminal Del Sur,17,1,6,1,0,C,446,9.0,11.61,0
Terminal Del Sur,Portal Del Quindio,2,0,6,1,0,C,121,12.0,14.7,0
Universidad Del Quindio,Portal Del Quindio,21,0,0,0,0,C,116,5.25,8.85,0
El Bosque,Mercado Minorista Quindiano,18,1,0,0,0,B,463,14.5,16.4,1
Universidad Del Quindio,Norte,1,0,2,0,1,A,127,21.0,20.7,1
Mercado Minorista Quindiano,La Clarita,23,0,5,1,0,B,191,8.0,11.81,0
Mercado Minorista Quindiano,Sur,22,0,1,0,1,A,56,21.0,19.09,1
Universidad Del Quindio,Sur,0,0,6,1,1,C,161,13.5,17.44,0
Terminal Del Sur,Estadio Centenario,18,1,3,0,0,C,281,9.0,11.5,0
Norte,Mercado Minorista Quindiano,1,0,0,0,1,A,197,17.0,20.72,0
Terminal Del Sur,Norte,10,0,1,0,1,C,168,22.5,26.28,0
Centro,Mercado Minorista Quindiano,11,0,3,0,0,B,186,8.0,10.37,0
Sur,Universidad Del Quindio,1,0,4,0,1,A,135,17.0,17.06,1
Sur,Norte,11,0,0,0,0,A,169,15.0,19.08,0
El Bosque,Mercado Minorista Quindiano,13,0,6,1,0,B,163,13.0,16.6,0
La Clarita,Portal Del Quindio,18,1,0,0,1,B,239,25.5,25.38,1
Universidad Del Quindio,La Clarita,1,0,4,0,1,C,71,15.75,16.57,1
La Clarita,Mercado Minorista Quindiano,10,0,5,1,0,B,78,8.0,12.89,0
El Bosque,Mercado Minorista Quindiano,12,0,1,0,0,B,124,13.0,12.91,1
El Bosque,Centro,5,0,1,0,0,B,91,8.0,9.71,1
Universidad Del Quindio,Norte,3,0,0,0,1,A,66,21.0,20.92,1
Estadio Centenario,Norte,4,0,0,0,1,C,125,18.0,19.48,1
La Clarita,Portal Del Quindio,22,0,4,0,1,B,76,24.0,22.08,1
Centro,Norte,5,0,2,0,0,A,61,7.0,9.18,0
Norte,Portal Del Quindio,12,0,0,0,0,A,187,11.0,12.46,1
Portal Del Quindio,Norte,12,0,0,0,0,A,171,11.0,11.93,1
Terminal Del Sur,Sur,13,0,1,0,1,C,156,20.25,19.41,1
Portal Del Quindio,Sur,0,0,2,0,0,A,164,7.0,5.63,1
Universidad Del Quindio,Centro,20,0,2,0,1,C,162,13.5,13.52,1
Terminal Del Sur,Portal Del Quindio,6,1,2,0,0,C,254,13.5,18.15,0
Universidad Del Quindio,El Bosque,14,0,5,1,1,C,105,18.0,16.95,1
La Clarita,Sur,0,0,1,0,1,B,197,29.0,27.22,1
Terminal Del Sur,Centro,18,1,2,0,1,C,400,15.0,18.89,0
Sur,El Bosque,1,0,4,0,1,A,89,21.0,21.41,1
Centro,Norte,16,0,0,0,0,A,153,7.0,8.47,1
El Bosque,Mercado Minorista Quindiano,9,1,0,0,0,B,330,14.5,14.22,1
Mercado Minorista Quindiano,Portal Del Quindio,17,1,4,0,0,C,301,11.25,9.27,1
Centro,Portal Del Quindio,1,0,3,0,0,A,93,7.0,7.53,1
Centro,El Bosque,16,0,4,0,0,B,106,8.0,11.53,0
Terminal Del Sur,Centro,22,0,0,0,1,C,111,13.5,12.8,1
Terminal Del Sur,Norte,15,0,2,0,1,C,198,22.5,25.63,0
La Clarita,Estadio Centenario,16,0,6,1,1,B,74,19.0,22.07,0
Mercado Minorista Quindiano,La Clarita,17,1,0,0,0,B,258,9.5,12.03,0
Centro,Estadio Centenario,8,1,4,0,1,B,487,20.5,23.19,0
La Clarita,Norte,9,1,6,1,1,B,481,25.5,30.5,0
Mercado Minorista Quindiano,Universidad Del Quindio,20,0,5,1,0,C,63,7.5,11.91,0
Centro,Mercado Minorista Quindiano,14,0,4,0,0,B,164,8.0,11.12,0
La Clarita,Universidad Del Quindio,15,0,1,0,1,C,131,15.75,16.7,1
Sur,Mercado Minorista Quindiano,19,1,6,1,1,A,302,22.5,23.69,1
Sur,Estadio Centenario,16,0,5,1,1,C,157,15.75,17.92,0
El Bosque,Estadio Centenario,12,0,1,0,1,B,157,24.0,28.19,0
Universidad Del Quindio,Terminal Del Sur,6,1,6,1,0,C,203,11.25,14.88,0
Mercado Minorista Quindiano,El Bosque,21,0,0,0,0,B,65,13.0,16.16,0
La Clarita,Portal Del Quindio,12,0,1,0,1,B,104,24.0,28.14,0
Centro,El Bosque,2,0,1,0,0,B,62,8.0,12.93,0
Universidad Del Quindio,Portal Del Quindio,12,0,1,0,0,C,172,5.25,9.82,0
Universidad Del Quindio,Mercado Minorista Quindiano,6,1,5,1,0,C,444,9.0,9.45,1
La Clarita,Norte,11,0,0,0,1,B,170,24.0,26.07,0
Universidad Del Quindio,La Clarita,9,1,5,1,1,C,264,17.25,18.17,1
Sur,Universidad Del Quindio,16,0,2,0,1,A,169,17.0,18.27,1
Portal Del Quindio,La Clarita,17,1,3,0,1,B,492,25.5,28.51,0
El Bosque,La Clarita,15,0,0,0,0,B,122,18.0,22.37,0
El Bosque,Terminal Del Sur,14,0,0,0,1,B,189,24.0,24.74,1
Estadio Centenario,Norte,4,0,4,0,1,C,173,18.0,17.81,1
Estadio Centenario,Portal Del Quindio,5,0,6,1,0,C,95,7.5,11.65,0
Centro,Portal Del Quindio,23,0,2,0,0,A,101,7.0,11.33,0
Mercado Minorista Quindiano,Universidad Del Quindio,3,0,2,0,0,C,142,7.5,8.31,1
Estadio Centenario,Portal Del Quindio,21,0,4,0,0,C,159,7.5,11.31,0
Universidad Del Quindio,Terminal Del Sur,9,1,2,0,0,C,417,11.25,10.49,1
Universidad Del Quindio,Norte,8,1,0,0,1,A,461,22.5,27.2,0
Centro,El Bosque,4,0,4,0,0,B,58,8.0,10.41,0
Portal Del Quindio,Mercado Minorista Quindiano,2,0,3,0,0,C,110,9.75,14.71,0
Portal Del Quindio,El Bosque,9,1,2,0,1,A,261,18.5,21.81,0
Terminal Del Sur,La Clarita,16,0,2,0,1,C,62,13.5,17.21,0
Universidad Del Quindio,Estadio Centenario,23,0,4,0,0,C,122,5.25,7.01,1
Estadio Centenario,La Clarita,3,0,5,1,1,C,60,13.5,17.52,0
Mercado Minorista Quindiano,Estadio Centenario,8,1,2,0,0,C,228,6.75,6.66,1
La Clarita,Terminal Del Sur,8,1,2,0,1,B,369,20.5,25.19,0
Universidad Del Quindio,El Bosque,8,1,6,1,1,C,460,19.5,22.09,0
El Bosque,Terminal Del Sur,10,0,2,0,1,B,173,24.0,23.97,1
Portal Del Quindio,Centro,14,0,5,1,0,A,182,7.0,6.82,1
Portal Del Quindio,La Clarita,15,0,1,0,1,B,86,24.0,25.73,1
Centro,Estadio Centenario,15,0,4,0,1,B,130,19.0,23.26,0
Sur,Portal Del Quindio,17,1,4,0,0,A,314,8.5,9.86,1
Portal Del Quindio,Universidad Del Quindio,2,0,1,0,0,C,82,5.25,7.06,1
El Bosque,Estadio Centenario,5,0,2,0,1,B,141,24.0,28.08,0
Terminal Del Sur,El Bosque,0,0,2,0,1,B,62,24.0,28.07,0
Centro,Portal Del Quindio,10,0,4,0,0,A,149,7.0,9.88,0
El Bosque,Portal Del Quindio,5,0,3,0,1,B,94,19.0,18.11,1
La Clarita,Sur,18,1,6,1,1,B,359,30.5,34.28,0
El Bosque,Norte,10,0,4,0,1,B,131,19.0,22.2,0
Estadio Centenario,Sur,3,0,1,0,1,C,61,15.75,19.57,0
El Bosque,Norte,6,1,1,0,1,B,245,20.5,20.51,1
Norte,Estadio Centenario,16,0,0,0,1,A,147,25.0,27.42,0
El Bosque,Sur,23,0,4,0,1,A,119,21.0,24.46,0
Universidad Del Quindio,Centro,18,1,5,1,1,C,432,15.0,13.13,1
Norte,El Bosque,1,0,6,1,1,A,128,17.0,17.75,1
Universidad Del Quindio,Terminal Del Sur,4,0,4,0,0,C,197,9.75,13.27,0
Universidad Del Quindio,La Clarita,3,0,1,0,1,C,66,15.75,20.38,0
Sur,Norte,11,0,5,1,0,A,167,15.0,17.96,0
El Bosque,Universidad Del Quindio,0,0,5,1,1,B,99,29.0,31.35,0
Centro,Terminal Del Sur,13,0,6,1,1,B,174,19.0,23.78,0
Mercado Minorista Quindiano,Universidad Del Quindio,11,0,6,1,0,C,82,7.5,5.96,1
Centro,Norte,5,0,6,1,0,A,107,7.0,8.42,1
Sur,Terminal Del Sur,22,0,1,0,1,C,78,20.25,19.36,1
Terminal Del Sur,El Bosque,3,0,0,0,1,B,88,24.0,22.72,1
Centro,Portal Del Quindio,14,0,6,1,0,A,124,7.0,10.78,0
Centro,Estadio Centenario,19,1,1,0,1,B,283,20.5,23.91,0
Mercado Minorista Quindiano,Portal Del Quindio,21,0,2,0,0,C,130,9.75,9.66,1
Estadio Centenario,Mercado Minorista Quindiano,11,0,3,0,0,C,96,5.25,8.37,0
Universidad Del Quindio,Terminal Del Sur,15,0,4,0,0,C,55,9.75,12.22,0
El Bosque,Mercado Minorista Quindiano,18,1,0,0,0,B,456,14.5,15.6,1
El Bosque,Norte,5,0,6,1,1,B,113,19.0,22.22,0
Terminal Del Sur,Centro,16,0,0,0,1,C,67,13.5,16.5,0
Portal Del Quindio,Terminal Del Sur,14,0,3,0,0,C,121,12.0,13.31,1
El Bosque,Centro,13,0,0,0,0,B,102,8.0,12.08,0
Sur,Portal Del Quindio,7,1,6,1,0,A,249,8.5,9.68,1
Sur,Estadio Centenario,19,1,6,1,1,C,380,17.25,19.63,0
Centro,Sur,23,0,3,0,0,A,197,11.0,15.77,0
Norte,Mercado Minorista Quindiano,13,0,6,1,1,A,66,17.0,18.37,1
Universidad Del Quindio,Terminal Del Sur,11,0,3,0,0,C,112,9.75,10.76,1
El Bosque,Norte,21,0,5,1,1,B,179,19.0,19.28,1
Portal Del Quindio,El Bosque,23,0,2,0,1,A,121,17.0,21.89,0
El Bosque,Universidad Del Quindio,20,0,1,0,1,B,131,29.0,31.76,0
Centro,Portal Del Quindio,13,0,6,1,0,A,81,7.0,9.2,0
El Bosque,Portal Del Quindio,10,0,4,0,1,B,151,19.0,22.3,0
Mercado Minorista Quindiano,Centro,8,1,2,0,0,B,287,9.5,10.86,1
Estadio Centenario,Portal Del Quindio,8,1,0,0,0,C,245,9.0,7.72,1
Sur,El Bosque,14,0,5,1,1,A,197,21.0,23.33,0
Sur,Centro,0,0,1,0,0,A,146,11.0,14.43,0
Norte,Sur,1,0,0,0,0,A,126,15.0,13.62,1
El Bosque,Terminal Del Sur,19,1,1,0,1,B,393,25.5,26.28,1
Universidad Del Quindio,Centro,5,0,6,1,1,C,171,13.5,12.91,1
Universidad Del Quindio,El Bosque,17,1,6,1,1,C,322,19.5,18.9,1
Mercado Minorista Quindiano,El Bosque,5,0,0,0,0,B,152,13.0,17.55,0
Estadio Centenario,Terminal Del Sur,8,1,1,0,0,C,377,9.0,13.55,0
Universidad Del Quindio,Terminal Del Sur,19,1,5,1,0,C,206,11.25,13.54,0
Centro,Norte,10,0,3,0,0,A,183,7.0,8.87,1
Mercado Minorista Quindiano,La Clarita,21,0,1,0,0,B,176,8.0,9.37,1
Terminal Del Sur,El Bosque,8,1,3,0,1,B,211,25.5,28.62,0
Norte,Centro,22,0,3,0,0,A,94,7.0,6.12,1
Portal Del Quindio,Norte,18,1,1,0,0,A,437,12.5,12.8,1
El Bosque,Norte,3,0,4,0,1,B,168,19.0,18.27,1
Sur,Universidad Del Quindio,20,0,6,1,1,A,93,17.0,15.31,1
Estadio Centenario,Universidad Del Quindio,17,1,5,1,0,C,349,6.75,9.78,0
El Bosque,Sur,4,0,0,0,1,A,84,21.0,22.45,1
Terminal Del Sur,Mercado Minorista Quindiano,21,0,6,1,0,C,184,5.25,4.68,1
Universidad Del Quindio,Centro,11,0,0,0,1,C,73,13.5,17.58,0
Universidad Del Quindio,La Clarita,19,1,4,0,1,C,219,17.25,17.67,1
Mercado Minorista Quindiano,La Clarita,23,0,1,0,0,B,145,8.0,12.07,0
La Clarita,Centro,8,1,3,0,0,B,427,14.5,12.71,1
Sur,La Clarita,1,0,6,1,1,A,55,25.0,29.3,0
Mercado Minorista Quindiano,Universidad Del Quindio,6,1,1,0,0,C,385,9.0,13.94,0
El Bosque,Mercado Minorista Quindiano,21,0,4,0,0,B,67,13.0,12.47,1
Estadio Centenario,Norte,7,1,4,0,1,C,481,19.5,22.63,0
Universidad Del Quindio,Centro,7,1,3,0,1,C,286,15.0,19.36,0
La Clarita,El Bosque,9,1,3,0,0,B,201,19.5,20.11,1
La Clarita,Centro,22,0,4,0,0,B,90,13.0,16.98,0
Mercado Minorista Quindiano,Estadio Centenario,21,0,3,0,0,C,63,5.25,6.09,1
Norte,Estadio Centenario,23,0,6,1,1,A,179,25.0,25.51,1
Universidad Del Quindio,Mercado Minorista Quindiano,6,1,5,1,0,C,227,9.0,11.56,0
Norte,Portal Del Quindio,1,0,2,0,0,A,94,11.0,13.6,0
Estadio Centenario,La Clarita,22,0,6,1,1,C,59,13.5,13.14,1
Terminal Del Sur,Universidad Del Quindio,2,0,5,1,0,C,142,9.75,8.94,1
Universidad Del Quindio,Norte,9,1,3,0,1,A,456,22.5,26.3,0
Portal Del Quindio,El Bosque,4,0,3,0,1,A,50,17.0,19.12,0
Estadio Centenario,Sur,21,0,3,0,1,C,156,15.75,16.41,1
El Bosque,Universidad Del Quindio,4,0,6,1,1,B,98,29.0,31.65,0
Universidad Del Quindio,Centro,16,0,3,0,1,C,160,13.5,14.62,1
Norte,Portal Del Quindio,14,0,5,1,0,A,197,11.0,10.44,1
Sur,El Bosque,17,1,5,1,1,A,492,22.5,20.9,1
Estadio Centenario,Norte,19,1,1,0,1,C,318,19.5,17.78,1
Estadio Centenario,Mercado Minorista Quindiano,2,0,5,1,0,C,108,5.25,4.51,1
Centro,Portal Del Quindio,4,0,0,0,0,A,61,7.0,8.55,1
Centro,Universidad Del Quindio,9,1,3,0,1,A,415,18.5,23.41,0
Centro,Sur,10,0,5,1,0,A,99,11.0,15.66,0
Universidad Del Quindio,El Bosque,6,1,6,1,1,C,377,19.5,19.28,1
Estadio Centenario,El Bosque,22,0,3,0,1,B,200,24.0,25.73,1
Mercado Minorista Quindiano,Universidad Del Quindio,12,0,3,0,0,C,173,7.5,10.43,0
Universidad Del Quindio,Portal Del Quindio,22,0,1,0,0,C,57,5.25,4.57,1
Universidad Del Quindio,Estadio Centenario,5,0,4,0,0,C,83,5.25,9.99,0
Sur,Mercado Minorista Quindiano,0,0,6,1,1,A,163,21.0,25.85,0
Portal Del Quindio,Estadio Centenario,17,1,0,0,0,C,431,9.0,12.82,0
Sur,Centro,16,0,3,0,0,A,138,11.0,9.79,1
El Bosque,Mercado Minorista Quindiano,13,0,3,0,0,B,196,13.0,15.74,0
La Clarita,Estadio Centenario,15,0,5,1,1,B,118,19.0,19.76,1
El Bosque,Norte,8,1,1,0,1,B,391,20.5,20.94,1
El Bosque,Terminal Del Sur,5,0,6,1,1,B,138,24.0,28.84,0
Terminal Del Sur,Universidad Del Quindio,15,0,4,0,0,C,126,9.75,13.23,0
Sur,Universidad Del Quindio,8,1,2,0,1,A,301,18.5,22.65,0
Estadio Centenario,Universidad Del Quindio,13,0,3,0,0,C,131,5.25,7.92,0
La Clarita,Terminal Del Sur,12,0,0,0,1,B,158,19.0,19.22,1
Estadio Centenario,Terminal Del Sur,10,0,0,0,0,C,103,7.5,6.34,1
Mercado Minorista Quindiano,Universidad Del Quindio,6,1,0,0,0,C,264,9.0,9.3,1
La Clarita,Portal Del Quindio,11,0,1,0,1,B,198,24.0,24.77,1
Portal Del Quindio,Mercado Minorista Quindiano,18,1,3,0,0,C,423,11.25,13.09,1
Portal Del Quindio,Mercado Minorista Quindiano,16,0,2,0,0,C,60,9.75,9.34,1
Norte,La Clarita,2,0,5,1,1,B,58,24.0,26.5,0
Universidad Del Quindio,Mercado Minorista Quindiano,2,0,4,0,0,C,97,7.5,11.54,0
Mercado Minorista Quindiano,Sur,1,0,5,1,1,A,61,21.0,25.4,0
Universidad Del Quindio,Norte,4,0,1,0,1,A,93,21.0,22.69,1
Sur,Estadio Centenario,3,0,6,1,1,C,136,15.75,16.51,1
Terminal Del Sur,La Clarita,5,0,5,1,1,C,172,13.5,16.53,0
Centro,Universidad Del Quindio,10,0,4,0,1,A,156,17.0,20.76,0
Centro,Estadio Centenario,22,0,6,1,1,B,192,19.0,17.5,1
Universidad Del Quindio,Norte,3,0,2,0,1,A,117,21.0,21.66,1
Sur,Mercado Minorista Quindiano,20,0,4,0,1,A,83,21.0,21.46,1
Sur,Centro,13,0,4,0,0,A,166,11.0,13.32,0
Universidad Del Quindio,El Bosque,19,1,5,1,1,C,438,19.5,19.65,1
La Clarita,Mercado Minorista Quindiano,2,0,1,0,0,B,195,8.0,10.27,0
Centro,La Clarita,1,0,0,0,0,B,139,13.0,17.84,0
Estadio Centenario,Mercado Minorista Quindiano,10,0,6,1,0,C,123,5.25,8.02,0
La Clarita,Universidad Del Quindio,6,1,4,0,1,C,440,17.25,16.54,1
Estadio Centenario,Norte,9,1,4,0,1,C,235,19.5,19.3,1
Terminal Del Sur,Centro,19,1,3,0,1,C,371,15.0,13.61,1
Portal Del Quindio,El Bosque,23,0,4,0,1,A,172,17.0,19.43,0
Portal Del Quindio,Centro,12,0,6,1,0,A,70,7.0,9.47,0
Mercado Minorista Quindiano,Centro,21,0,3,0,0,B,58,8.0,7.6,1
Centro,Universidad Del Quindio,14,0,1,0,1,A,170,17.0,16.22,1
Sur,El Bosque,9,1,0,0,1,A,492,22.5,22.16,1
Norte,Terminal Del Sur,3,0,1,0,1,C,149,22.5,25.62,0
La Clarita,Norte,6,1,1,0,1,B,363,25.5,29.17,0
El Bosque,La Clarita,9,1,0,0,0,B,268,19.5,20.47,1
La Clarita,Mercado Minorista Quindiano,14,0,0,0,0,B,168,8.0,11.16,0
Sur,Portal Del Quindio,20,0,0,0,0,A,86,7.0,6.25,1
Estadio Centenario,Mercado Minorista Quindiano,14,0,2,0,0,C,60,5.25,7.5,0
Terminal Del Sur,Sur,9,1,0,0,1,C,453,21.75,22.49,1
Sur,Terminal Del Sur,1,0,2,0,1,C,195,20.25,22.43,0
Centro,Mercado Minorista Quindiano,2,0,1,0,0,B,73,8.0,9.0,1
Terminal Del Sur,Portal Del Quindio,13,0,2,0,0,C,151,12.0,14.22,0
Universidad Del Quindio,Sur,9,1,6,1,1,C,235,15.0,18.41,0
Portal Del Quindio,Universidad Del Quindio,7,1,4,0,0,C,272,6.75,11.01,0
El Bosque,Universidad Del Quindio,7,1,0,0,1,B,395,30.5,30.09,1
El Bosque,Norte,12,0,0,0,1,B,54,19.0,22.82,0
Universidad Del Quindio,El Bosque,11,0,2,0,1,C,57,18.0,20.48,0
Estadio Centenario,Sur,5,0,1,0,1,C,93,15.75,18.51,0
Centro,Universidad Del Quindio,2,0,5,1,1,A,51,17.0,19.69,0
La Clarita,El Bosque,5,0,0,0,0,B,79,18.0,22.97,0
Mercado Minorista Quindiano,El Bosque,19,1,5,1,0,B,235,14.5,16.44,1
Universidad Del Quindio,El Bosque,4,0,4,0,1,C,96,18.0,20.44,0
Portal Del Quindio,Mercado Minorista Quindiano,22,0,1,0,0,C,170,9.75,8.43,1
Universidad Del Quindio,Centro,22,0,3,0,1,C,189,13.5,13.93,1
Portal Del Quindio,Mercado Minorista Quindiano,7,1,3,0,0,C,229,11.25,12.57,1
Terminal Del Sur,La Clarita,12,0,6,1,1,C,153,13.5,14.3,1
Terminal Del Sur,El Bosque,21,0,4,0,1,B,157,24.0,27.16,0
El Bosque,Norte,0,0,0,0,1,B,133,19.0,21.7,0
Mercado Minorista Quindiano,El Bosque,5,0,5,1,0,B,81,13.0,11.62,1
Norte,Terminal Del Sur,0,0,4,0,1,C,87,22.5,26.28,0
Terminal Del Sur,Universidad Del Quindio,19,1,1,0,0,C,491,11.25,9.69,1
El Bosque,Portal Del Quindio,0,0,6,1,1,B,115,19.0,18.84,1
Terminal Del Sur,La Clarita,8,1,4,0,1,C,448,15.0,15.42,1
Portal Del Quindio,Terminal Del Sur,8,1,0,0,0,C,379,13.5,13.64,1
Terminal Del Sur,El Bosque,22,0,1,0,1,B,104,24.0,26.2,0
Sur,Centro,5,0,2,0,0,A,192,11.0,14.5,0
Norte,El Bosque,21,0,3,0,1,A,61,17.0,20.96,0
Universidad Del Quindio,Norte,14,0,0,0,1,A,131,21.0,19.81,1
Terminal Del Sur,La Clarita,12,0,2,0,1,C,183,13.5,16.22,0
Sur,Centro,2,0,6,1,0,A,122,11.0,11.13,1
El Bosque,La Clarita,14,0,4,0,0,B,140,18.0,16.16,1
Mercado Minorista Quindiano,Sur,1,0,2,0,1,A,69,21.0,21.42,1
Portal Del Quindio,Sur,17,1,1,0,0,A,480,8.5,12.26,0
Estadio Centenario,La Clarita,21,0,0,0,1,C,63,13.5,17.96,0
Estadio Centenario,Terminal Del Sur,0,0,5,1,0,C,174,7.5,11.79,0
El Bosque,Sur,19,1,2,0,1,A,224,22.5,27.17,0
El Bosque,Universidad Del Quindio,12,0,4,0,1,B,198,29.0,27.85,1
El Bosque,La Clarita,1,0,3,0,0,B,117,18.0,16.95,1
Centro,Universidad Del Quindio,12,0,3,0,1,A,177,17.0,20.44,0
Centro,Sur,12,0,6,1,0,A,195,11.0,12.54,1
Portal Del Quindio,Mercado Minorista Quindiano,5,0,4,0,0,C,179,9.75,7.87,1
Estadio Centenario,La Clarita,22,0,2,0,1,C,54,13.5,14.21,1
Centro,Mercado Minorista Quindiano,18,1,1,0,0,B,329,9.5,10.72,1
Norte,El Bosque,10,0,1,0,1,A,105,17.0,15.4,1
Estadio Centenario,Centro,14,0,0,0,1,C,186,13.5,14.51,1
Universidad Del Quindio,La Clarita,2,0,4,0,1,C,164,15.75,14.6,1
El Bosque,Mercado Minorista Quindiano,6,1,3,0,0,B,459,14.5,16.83,0
La Clarita,Centro,6,1,0,0,0,B,420,14.5,14.13,1
Portal Del Quindio,Universidad Del Quindio,19,1,3,0,0,C,430,6.75,8.44,1
Norte,Estadio Centenario,17,1,6,1,1,A,390,26.5,30.04,0
La Clarita,Portal Del Quindio,2,0,6,1,1,B,63,24.0,25.68,1
Centro,Universidad Del Quindio,6,1,4,0,1,A,332,18.5,19.21,1
El Bosque,Mercado Minorista Quindiano,22,0,1,0,0,B,198,13.0,11.94,1
Centro,Sur,21,0,5,1,0,A,187,11.0,10.82,1
Norte,Terminal Del Sur,22,0,1,0,1,C,182,22.5,21.83,1
El Bosque,Universidad Del Quindio,0,0,4,0,1,B,131,29.0,27.08,1
Centro,Terminal Del Sur,4,0,4,0,1,B,188,19.0,17.3,1
Portal Del Quindio,Estadio Centenario,20,0,3,0,0,C,166,7.5,7.36,1
Sur,Mercado Minorista Quindiano,3,0,1,0,1,A,131,21.0,21.27,1
Universidad Del Quindio,La Clarita,7,1,2,0,1,C,241,17.25,17.88,1
Estadio Centenario,Mercado Minorista Quindiano,20,0,1,0,0,C,154,5.25,9.49,0
Terminal Del Sur,Sur,16,0,0,0,1,C,179,20.25,24.85,0
Mercado Minorista Quindiano,Centro,15,0,4,0,0,B,107,8.0,7.96,1
Universidad Del Quindio,Mercado Minorista Quindiano,7,1,4,0,0,C,446,9.0,12.78,0
El Bosque,Norte,1,0,2,0,1,B,128,19.0,20.15,1
La Clarita,Portal Del Quindio,16,0,3,0,1,B,118,24.0,25.15,1
Universidad Del Quindio,Terminal Del Sur,11,0,0,0,0,C,57,9.75,10.85,1
Portal Del Quindio,La Clarita,12,0,0,0,1,B,178,24.0,27.22,0
Centro,La Clarita,12,0,2,0,0,B,66,13.0,11.5,1
Estadio Centenario,La Clarita,4,0,3,0,1,C,107,13.5,16.66,0
Norte,Mercado Minorista Quindiano,13,0,3,0,1,A,192,17.0,17.45,1
El Bosque,Portal Del Quindio,18,1,6,1,1,B,250,20.5,23.99,0
Centro,Universidad Del Quindio,10,0,1,0,1,A,143,17.0,15.69,1
Centro,Portal Del Quindio,21,0,1,0,0,A,161,7.0,5.15,1
Terminal Del Sur,Norte,16,0,6,1,1,C,153,22.5,25.98,0
Norte,La Clarita,8,1,1,0,1,B,248,25.5,28.17,0
Portal Del Quindio,Sur,3,0,5,1,0,A,154,7.0,6.82,1
Terminal Del Sur,Portal Del Quindio,8,1,0,0,0,C,389,13.5,15.21,1
Centro,Estadio Centenario,17,1,1,0,1,B,339,20.5,24.09,0
Portal Del Quindio,Terminal Del Sur,7,1,1,0,0,C,380,13.5,15.71,0
Portal Del Quindio,La Clarita,15,0,3,0,1,B,59,24.0,23.1,1
Sur,Norte,14,0,0,0,0,A,108,15.0,19.5,0
El Bosque,Sur,13,0,3,0,1,A,163,21.0,21.72,1
Sur,Estadio Centenario,21,0,3,0,1,C,81,15.75,15.43,1
El Bosque,Sur,18,1,5,1,1,A,321,22.5,20.59,1
Centro,Norte,22,0,6,1,0,A,67,7.0,10.93,0
Sur,Norte,20,0,4,0,0,A,175,15.0,14.55,1
La Clarita,Portal Del Quindio,7,1,5,1,1,B,334,25.5,28.6,0
Terminal Del Sur,La Clarita,22,0,3,0,1,C,135,13.5,11.88,1
Norte,Sur,21,0,2,0,0,A,141,15.0,14.89,1
El Bosque,Norte,12,0,1,0,1,B,76,19.0,17.76,1
Sur,Mercado Minorista Quindiano,17,1,6,1,1,A,287,22.5,23.92,1
Estadio Centenario,Centro,11,0,4,0,1,C,146,13.5,14.39,1
Centro,Universidad Del Quindio,23,0,2,0,1,A,68,17.0,17.08,1
Universidad Del Quindio,La Clarita,22,0,4,0,1,C,157,15.75,14.41,1
Estadio Centenario,Centro,14,0,0,0,1,C,160,13.5,16.83,0
Universidad Del Quindio,Estadio Centenario,7,1,1,0,0,C,271,6.75,8.66,1
Portal Del Quindio,Norte,0,0,3,0,0,A,181,11.0,14.09,0
Estadio Centenario,El Bosque,7,1,2,0,1,B,209,25.5,26.31,1
Universidad Del Quindio,Norte,20,0,5,1,1,A,115,21.0,23.31,0
Norte,Universidad Del Quindio,8,1,4,0,1,A,285,22.5,24.27,1
Mercado Minorista Quindiano,Terminal Del Sur,9,1,1,0,0,C,211,6.75,10.63,0
Centro,Universidad Del Quindio,16,0,5,1,1,A,170,17.0,16.42,1
Universidad Del Quindio,Centro,19,1,2,0,1,C,422,15.0,18.29,0
Centro,La Clarita,22,0,5,1,0,B,150,13.0,17.14,0
Terminal Del Sur,Sur,3,0,6,1,1,C,69,20.25,21.39,1
Centro,Sur,9,1,5,1,0,A,492,12.5,14.65,0
El Bosque,Estadio Centenario,5,0,4,0,1,B,152,24.0,22.01,1
La Clarita,Mercado Minorista Quindiano,20,0,1,0,0,B,53,8.0,10.34,0
Terminal Del Sur,Estadio Centenario,12,0,3,0,0,C,120,7.5,8.32,1
El Bosque,Universidad Del Quindio,3,0,4,0,1,B,129,29.0,31.5,0
Estadio Centenario,Mercado Minorista Quindiano,22,0,3,0,0,C,73,5.25,7.17,1
Centro,Terminal Del Sur,1,0,5,1,1,B,109,19.0,22.63,0
Estadio Centenario,Portal Del Quindio,18,1,0,0,0,C,410,9.0,11.46,0
Mercado Minorista Quindiano,Universidad Del Quindio,21,0,4,0,0,C,107,7.5,10.72,0
Portal Del Quindio,Mercado Minorista Quindiano,5,0,4,0,0,C,68,9.75,13.27,0
La Clarita,Universidad Del Quindio,15,0,4,0,1,C,162,15.75,14.78,1
Mercado Minorista Quindiano,Terminal Del Sur,22,0,0,0,0,C,165,5.25,3.87,1
Centro,La Clarita,16,0,2,0,0,B,96,13.0,16.61,0
Mercado Minorista Quindiano,La Clarita,10,0,0,0,0,B,94,8.0,12.53,0
El Bosque,La Clarita,0,0,0,0,0,B,197,18.0,20.46,0
Sur,Universidad Del Quindio,15,0,6,1,1,A,96,17.0,15.83,1
Centro,Terminal Del Sur,13,0,3,0,1,B,186,19.0,19.69,1
Centro,Terminal Del Sur,15,0,4,0,1,B,110,19.0,18.29,1
Mercado Minorista Quindiano,Centro,9,1,1,0,0,B,306,9.5,8.66,1
La Clarita,Sur,16,0,5,1,1,B,130,29.0,32.82,0
Estadio Centenario,Norte,12,0,2,0,1,C,84,18.0,22.58,0
Terminal Del Sur,Estadio Centenario,13,0,1,0,0,C,142,7.5,11.61,0
Estadio Centenario,La Clarita,4,0,3,0,1,C,123,13.5,17.12,0
Centro,Mercado Minorista Quindiano,4,0,3,0,0,B,53,8.0,6.93,1
La Clarita,Mercado Minorista Quindiano,6,1,6,1,0,B,328,9.5,10.98,1
Norte,El Bosque,23,0,0,0,1,A,90,17.0,15.05,1
Terminal Del Sur,El Bosque,21,0,5,1,1,B,106,24.0,26.27,0
La Clarita,Centro,19,1,0,0,0,B,305,14.5,19.2,0
Terminal Del Sur,Estadio Centenario,21,0,3,0,0,C,63,7.5,7.43,1
Portal Del Quindio,Sur,23,0,1,0,0,A,155,7.0,6.9,1
Universidad Del Quindio,Portal Del Quindio,12,0,5,1,0,C,94,5.25,3.71,1
Centro,La Clarita,3,0,2,0,0,B,156,13.0,11.44,1
Estadio Centenario,La Clarita,20,0,3,0,1,C,56,13.5,13.71,1
Centro,El Bosque,5,0,6,1,0,B,197,8.0,7.66,1
Terminal Del Sur,Portal Del Quindio,23,0,6,1,0,C,198,12.0,16.17,0
Mercado Minorista Quindiano,Estadio Centenario,9,1,1,0,0,C,341,6.75,7.68,1
Terminal Del Sur,Estadio Centenario,4,0,1,0,0,C,118,7.5,12.36,0
Norte,El Bosque,2,0,6,1,1,A,98,17.0,16.39,1
Norte,Sur,18,1,2,0,0,A,360,16.5,21.3,0
El Bosque,Terminal Del Sur,17,1,4,0,1,B,285,25.5,25.08,1
La Clarita,Terminal Del Sur,22,0,0,0,1,B,110,19.0,20.66,1
Norte,Sur,1,0,3,0,0,A,135,15.0,18.06,0
Sur,Mercado Minorista Quindiano,16,0,0,0,1,A,147,21.0,23.29,0
Centro,Sur,0,0,1,0,0,A,51,11.0,10.16,1
Norte,Centro,21,0,0,0,0,A,147,7.0,9.68,0
Estadio Centenario,Portal Del Quindio,15,0,2,0,0,C,135,7.5,10.06,0
Mercado Minorista Quindiano,Terminal Del Sur,11,0,6,1,0,C,108,5.25,6.84,1
Universidad Del Quindio,La Clarita,9,1,2,0,1,C,248,17.25,15.61,1
Sur,La Clarita,6,1,4,0,1,A,267,26.5,25.65,1
El Bosque,La Clarita,13,0,3,0,0,B,169,18.0,19.64,1
Terminal Del Sur,Centro,7,1,4,0,1,C,315,15.0,17.62,0
Norte,Sur,13,0,2,0,0,A,107,15.0,19.63,0
Sur,Norte,16,0,6,1,0,A,180,15.0,16.87,1
Centro,El Bosque,7,1,3,0,0,B,426,9.5,11.27,1
Universidad Del Quindio,Mercado Minorista Quindiano,5,0,6,1,0,C,138,7.5,10.1,0
Universidad Del Quindio,Terminal Del Sur,17,1,2,0,0,C,466,11.25,14.68,0
Mercado Minorista Quindiano,El Bosque,23,0,3,0,0,B,90,13.0,14.66,1
Portal Del Quindio,Estadio Centenario,3,0,4,0,0,C,104,7.5,9.94,0
Centro,La Clarita,8,1,6,1,0,B,437,14.5,13.87,1
Mercado Minorista Quindiano,Centro,7,1,1,0,0,B,467,9.5,8.61,1
El Bosque,Universidad Del Quindio,1,0,6,1,1,B,158,29.0,31.29,0
Estadio Centenario,El Bosque,2,0,2,0,1,B,89,24.0,23.94,1
Norte,Portal Del Quindio,5,0,0,0,0,A,57,11.0,13.19,0
Mercado Minorista Quindiano,Norte,4,0,3,0,1,B,150,19.0,22.74,0
Norte,Portal Del Quindio,3,0,5,1,0,A,68,11.0,13.31,0
El Bosque,Portal Del Quindio,8,1,3,0,1,B,215,20.5,23.68,0
Sur,El Bosque,0,0,6,1,1,A,70,21.0,22.4,1
El Bosque,La Clarita,12,0,1,0,0,B,151,18.0,17.16,1
Centro,Norte,22,0,2,0,0,A,180,7.0,9.81,0
Universidad Del Quindio,Mercado Minorista Quindiano,0,0,3,0,0,C,175,7.5,10.54,0
Sur,Terminal Del Sur,4,0,2,0,1,C,58,20.25,19.56,1
Mercado Minorista Quindiano,Estadio Centenario,19,1,5,1,0,C,410,6.75,8.54,1
Portal Del Quindio,Estadio Centenario,11,0,0,0,0,C,157,7.5,8.8,1
Estadio Centenario,La Clarita,11,0,0,0,1,C,180,13.5,14.0,1
Centro,Mercado Minorista Quindiano,11,0,3,0,0,B,70,8.0,9.68,1
Norte,Mercado Minorista Quindiano,23,0,1,0,1,A,83,17.0,15.7,1
Norte,Universidad Del Quindio,8,1,2,0,1,A,274,22.5,23.65,1
Centro,La Clarita,22,0,5,1,0,B,157,13.0,16.17,0
Terminal Del Sur,Mercado Minorista Quindiano,10,0,5,1,0,C,82,5.25,10.1,0
Terminal Del Sur,Mercado Minorista Quindiano,19,1,4,0,0,C,265,6.75,9.48,0
Mercado Minorista Quindiano,El Bosque,2,0,3,0,0,B,197,13.0,15.77,0
Centro,Mercado Minorista Quindiano,0,0,6,1,0,B,116,8.0,7.95,1
Norte,La Clarita,3,0,1,0,1,B,87,24.0,25.59,1
Sur,Universidad Del Quindio,14,0,6,1,1,A,106,17.0,15.48,1
La Clarita,Centro,20,0,4,0,0,B,191,13.0,15.57,0
Mercado Minorista Quindiano,Centro,3,0,3,0,0,B,186,8.0,7.63,1
Portal Del Quindio,Mercado Minorista Quindiano,2,0,3,0,0,C,164,9.75,12.4,0
Terminal Del Sur,Mercado Minorista Quindiano,0,0,5,1,0,C,200,5.25,7.95,0
Estadio Centenario,Centro,1,0,5,1,1,C,149,13.5,14.72,1
Mercado Minorista Quindiano,El Bosque,20,0,5,1,0,B,79,13.0,13.66,1
La Clarita,Portal Del Quindio,13,0,2,0,1,B,74,24.0,24.96,1
La Clarita,Sur,7,1,5,1,1,B,414,30.5,34.93,0
Centro,Estadio Centenario,21,0,0,0,1,B,180,19.0,19.05,1
Centro,Estadio Centenario,9,1,2,0,1,B,372,20.5,24.13,0
Estadio Centenario,Portal Del Quindio,6,1,5,1,0,C,450,9.0,12.09,0
La Clarita,Terminal Del Sur,22,0,0,0,1,B,191,19.0,18.97,1
Sur,Portal Del Quindio,23,0,5,1,0,A,79,7.0,5.84,1
Centro,Sur,8,1,0,0,0,A,288,12.5,13.78,1
El Bosque,Portal Del Quindio,13,0,2,0,1,B,127,19.0,17.52,1
Sur,Terminal Del Sur,8,1,3,0,1,C,463,21.75,20.2,1
Centro,Sur,1,0,0,0,0,A,135,11.0,11.31,1
Universidad Del Quindio,Terminal Del Sur,8,1,6,1,0,C,215,11.25,13.63,0
Terminal Del Sur,Universidad Del Quindio,16,0,5,1,0,C,60,9.75,10.75,1
Terminal Del Sur,La Clarita,13,0,1,0,1,C,198,13.5,15.51,0
La Clarita,Sur,4,0,3,0,1,B,186,29.0,28.54,1
Universidad Del Quindio,Centro,3,0,2,0,1,C,114,13.5,17.31,0
Universidad Del Quindio,Terminal Del Sur,7,1,4,0,0,C,275,11.25,14.11,0
El Bosque,Terminal Del Sur,13,0,6,1,1,B,196,24.0,22.96,1
Terminal Del Sur,Norte,19,1,4,0,1,C,220,24.0,23.19,1
La Clarita,Estadio Centenario,18,1,5,1,1,B,356,20.5,22.64,0
Centro,El Bosque,18,1,3,0,0,B,227,9.5,12.23,0
Universidad Del Quindio,Terminal Del Sur,3,0,5,1,0,C,116,9.75,13.26,0
Norte,Terminal Del Sur,21,0,3,0,1,C,140,22.5,27.15,0
La Clarita,El Bosque,22,0,0,0,0,B,136,18.0,19.54,1
Centro,Terminal Del Sur,5,0,5,1,1,B,194,19.0,23.24,0
Terminal Del Sur,Estadio Centenario,11,0,5,1,0,C,185,7.5,5.82,1
Mercado Minorista Quindiano,Universidad Del Quindio,18,1,3,0,0,C,292,9.0,10.29,1
Terminal Del Sur,Estadio Centenario,12,0,0,0,0,C,191,7.5,9.86,0
Norte,Universidad Del Quindio,2,0,4,0,1,A,190,21.0,22.32,1
Terminal Del Sur,Portal Del Quindio,5,0,0,0,0,C,185,12.0,10.05,1
La Clarita,Universidad Del Quindio,10,0,3,0,1,C,139,15.75,14.51,1
Estadio Centenario,Sur,6,1,4,0,1,C,391,17.25,18.32,1
Norte,Universidad Del Quindio,9,1,2,0,1,A,432,22.5,20.81,1
Centro,La Clarita,8,1,4,0,0,B,216,14.5,14.49,1
Centro,Estadio Centenario,23,0,4,0,1,B,90,19.0,19.42,1
Sur,Norte,6,1,4,0,0,A,346,16.5,19.23,0
Portal Del Quindio,Universidad Del Quindio,10,0,4,0,0,C,94,5.25,9.76,0
Universidad Del Quindio,Estadio Centenario,0,0,3,0,0,C,121,5.25,8.36,0
Estadio Centenario,Sur,7,1,4,0,1,C,467,17.25,20.25,0
La Clarita,Terminal Del Sur,15,0,0,0,1,B,152,19.0,22.77,0
El Bosque,Mercado Minorista Quindiano,4,0,0,0,0,B,136,13.0,15.45,0
Mercado Minorista Quindiano,La Clarita,12,0,6,1,0,B,133,8.0,6.42,1
Terminal Del Sur,Norte,17,1,1,0,1,C,360,24.0,22.8,1
La Clarita,Centro,3,0,1,0,0,B,133,13.0,11.65,1
La Clarita,Centro,16,0,0,0,0,B,192,13.0,13.83,1
Estadio Centenario,Mercado Minorista Quindiano,8,1,6,1,0,C,484,6.75,7.64,1
El Bosque,Terminal Del Sur,8,1,1,0,1,B,465,25.5,26.03,1
Terminal Del Sur,Sur,13,0,1,0,1,C,170,20.25,19.22,1
La Clarita,Centro,6,1,3,0,0,B,354,14.5,13.7,1
Terminal Del Sur,Sur,20,0,1,0,1,C,180,20.25,21.96,1
La Clarita,El Bosque,15,0,5,1,0,B,130,18.0,16.99,1
Mercado Minorista Quindiano,Sur,8,1,5,1,1,A,434,22.5,24.23,1
Terminal Del Sur,Centro,0,0,6,1,1,C,150,13.5,15.54,0
El Bosque,Estadio Centenario,20,0,5,1,1,B,72,24.0,25.91,1
Mercado Minorista Quindiano,La Clarita,23,0,0,0,0,B,70,8.0,6.47,1
Sur,Estadio Centenario,21,0,2,0,1,C,148,15.75,16.76,1
Centro,Mercado Minorista Quindiano,12,0,6,1,0,B,171,8.0,9.8,1
Estadio Centenario,La Clarita,11,0,1,0,1,C,128,13.5,14.19,1
Norte,La Clarita,8,1,6,1,1,B,274,25.5,24.19,1
El Bosque,Sur,15,0,1,0,1,A,167,21.0,21.59,1
Portal Del Quindio,La Clarita,3,0,3,0,1,B,83,24.0,26.82,0
Universidad Del Quindio,Portal Del Quindio,23,0,3,0,0,C,105,5.25,6.26,1
Portal Del Quindio,Sur,0,0,0,0,0,A,68,7.0,11.63,0
Sur,Centro,9,1,3,0,0,A,325,12.5,13.15,1
El Bosque,Centro,10,0,0,0,0,B,113,8.0,6.71,1
Estadio Centenario,Terminal Del Sur,4,0,1,0,0,C,114,7.5,11.39,0
Estadio Centenario,Norte,3,0,0,0,1,C,118,18.0,16.98,1
La Clarita,Sur,23,0,2,0,1,B,94,29.0,30.72,1
Terminal Del Sur,Mercado Minorista Quindiano,3,0,1,0,0,C,156,5.25,3.52,1
Sur,Terminal Del Sur,9,1,2,0,1,C,324,21.75,19.91,1
Sur,Terminal Del Sur,14,0,4,0,1,C,171,20.25,20.27,1
Universidad Del Quindio,Norte,4,0,1,0,1,A,84,21.0,21.62,1
Mercado Minorista Quindiano,La Clarita,22,0,5,1,0,B,162,8.0,10.22,0
Portal Del Quindio,Universidad Del Quindio,12,0,2,0,0,C,194,5.25,9.98,0
Terminal Del Sur,El Bosque,12,0,5,1,1,B,98,24.0,25.79,1
Universidad Del Quindio,Portal Del Quindio,12,0,1,0,0,C,102,5.25,4.43,1
Estadio Centenario,Portal Del Quindio,22,0,2,0,0,C,147,7.5,7.99,1
El Bosque,Universidad Del Quindio,12,0,2,0,1,B,134,29.0,28.24,1
Portal Del Quindio,La Clarita,13,0,6,1,1,B,93,24.0,23.89,1
Terminal Del Sur,Universidad Del Quindio,10,0,6,1,0,C,178,9.75,11.56,1
Universidad Del Quindio,El Bosque,23,0,4,0,1,C,160,18.0,19.11,1
Mercado Minorista Quindiano,Estadio Centenario,1,0,2,0,0,C,66,5.25,4.7,1
Estadio Centenario,Mercado Minorista Quindiano,2,0,3,0,0,C,68,5.25,5.35,1
Sur,Portal Del Quindio,4,0,6,1,0,A,77,7.0,7.77,1
Terminal Del Sur,Sur,4,0,0,0,1,C,167,20.25,23.23,0
El Bosque,Norte,18,1,6,1,1,B,316,20.5,25.25,0
Universidad Del Quindio,La Clarita,1,0,2,0,1,C,96,15.75,16.22,1
Estadio Centenario,Centro,11,0,5,1,1,C,188,13.5,12.41,1
Estadio Centenario,Centro,6,1,3,0,1,C,383,15.0,13.4,1
El Bosque,Centro,19,1,0,0,0,B,211,9.5,13.64,0
Sur,El Bosque,5,0,0,0,1,A,97,21.0,25.64,0
Universidad Del Quindio,Estadio Centenario,11,0,3,0,0,C,119,5.25,8.53,0
Sur,Mercado Minorista Quindiano,22,0,1,0,1,A,124,21.0,22.44,1
Centro,Portal Del Quindio,0,0,5,1,0,A,192,7.0,10.33,0
Universidad Del Quindio,La Clarita,10,0,0,0,1,C,131,15.75,16.29,1
Norte,Mercado Minorista Quindiano,18,1,6,1,1,A,459,18.5,21.85,0
Norte,Mercado Minorista Quindiano,6,1,4,0,1,A,315,18.5,19.84,1
Estadio Centenario,La Clarita,12,0,0,0,1,C,145,13.5,15.98,0
Portal Del Quindio,Mercado Minorista Quindiano,7,1,2,0,0,C,212,11.25,11.43,1
Centro,La Clarita,14,0,5,1,0,B,163,13.0,12.55,1
Portal Del Quindio,Norte,21,0,4,0,0,A,116,11.0,9.21,1
La Clarita,Centro,21,0,1,0,0,B,175,13.0,11.94,1
La Clarita,Sur,20,0,3,0,1,B,84,29.0,32.63,0
Sur,Norte,23,0,5,1,0,A,96,15.0,19.7,0
El Bosque,Universidad Del Quindio,2,0,2,0,1,B,75,29.0,28.4,1
Sur,Universidad Del Quindio,16,0,6,1,1,A,116,17.0,15.02,1
Universidad Del Quindio,Norte,0,0,3,0,1,A,50,21.0,24.84,0
Centro,Norte,14,0,4,0,0,A,185,7.0,5.04,1
El Bosque,Portal Del Quindio,4,0,3,0,1,B,176,19.0,21.61,0
Sur,Estadio Centenario,0,0,3,0,1,C,153,15.75,18.65,0
Terminal Del Sur,Estadio Centenario,22,0,0,0,0,C,177,7.5,10.56,0
Mercado Minorista Quindiano,Centro,3,0,5,1,0,B,124,8.0,6.17,1
El Bosque,Portal Del Quindio,2,0,2,0,1,B,83,19.0,21.42,0
El Bosque,Centro,12,0,4,0,0,B,151,8.0,6.71,1
Norte,Portal Del Quindio,15,0,1,0,0,A,168,11.0,9.54,1
Mercado Minorista Quindiano,Universidad Del Quindio,1,0,1,0,0,C,151,7.5,7.2,1
Centro,Terminal Del Sur,1,0,1,0,1,B,160,19.0,21.97,0
Universidad Del Quindio,Estadio Centenario,1,0,6,1,0,C,169,5.25,6.06,1
Norte,Estadio Centenario,22,0,2,0,1,A,102,25.0,23.15,1
Terminal Del Sur,Portal Del Quindio,6,1,0,0,0,C,357,13.5,15.34,1
Sur,El Bosque,20,0,4,0,1,A,102,21.0,23.22,0
Mercado Minorista Quindiano,Norte,18,1,0,0,1,B,230,20.5,23.82,0
Terminal Del Sur,La Clarita,16,0,6,1,1,C,123,13.5,15.02,1
Portal Del Quindio,Mercado Minorista Quindiano,9,1,3,0,0,C,251,11.25,13.62,0
Sur,Centro,19,1,1,0,0,A,252,12.5,12.19,1
Estadio Centenario,La Clarita,23,0,6,1,1,C,53,13.5,15.37,1
Centro,Estadio Centenario,12,0,2,0,1,B,61,19.0,22.43,0
Estadio Centenario,Terminal Del Sur,22,0,6,1,0,C,131,7.5,7.49,1
Estadio Centenario,Terminal Del Sur,23,0,1,0,0,C,154,7.5,10.55,0
Norte,Mercado Minorista Quindiano,11,0,0,0,1,A,142,17.0,17.22,1
Universidad Del Quindio,Norte,17,1,5,1,1,A,287,22.5,25.45,0
Mercado Minorista Quindiano,La Clarita,17,1,0,0,0,B,356,9.5,9.88,1
El Bosque,Norte,10,0,0,0,1,B,196,19.0,19.52,1
La Clarita,Centro,8,1,2,0,0,B,299,14.5,18.57,0
La Clarita,Portal Del Quindio,17,1,6,1,1,B,282,25.5,30.1,0
Centro,La Clarita,16,0,5,1,0,B,194,13.0,13.64,1
Sur,Norte,22,0,1,0,0,A,109,15.0,16.95,1
La Clarita,Estadio Centenario,23,0,6,1,1,B,72,19.0,17.03,1
La Clarita,Sur,20,0,4,0,1,B,150,29.0,33.13,0
Universidad Del Quindio,Terminal Del Sur,0,0,3,0,0,C,74,9.75,8.66,1
Sur,Terminal Del Sur,8,1,4,0,1,C,410,21.75,23.08,1
Centro,Universidad Del Quindio,11,0,4,0,1,A,150,17.0,15.34,1
Norte,El Bosque,21,0,6,1,1,A,90,17.0,18.5,1
Portal Del Quindio,Norte,2,0,6,1,0,A,154,11.0,9.78,1
Portal Del Quindio,Norte,6,1,0,0,0,A,428,12.5,11.8,1
La Clarita,El Bosque,12,0,3,0,0,B,65,18.0,21.95,0
Estadio Centenario,Mercado Minorista Quindiano,8,1,0,0,0,C,299,6.75,10.84,0
Estadio Centenario,Universidad Del Quindio,12,0,6,1,0,C,186,5.25,7.5,0
El Bosque,Norte,23,0,6,1,1,B,52,19.0,17.88,1
Portal Del Quindio,El Bosque,5,0,3,0,1,A,77,17.0,15.37,1
La Clarita,Norte,7,1,5,1,1,B,220,25.5,24.89,1
La Clarita,El Bosque,10,0,2,0,0,B,98,18.0,20.67,0
Centro,La Clarita,21,0,5,1,0,B,93,13.0,14.61,1
Mercado Minorista Quindiano,Terminal Del Sur,14,0,4,0,0,C,62,5.25,8.07,0
Universidad Del Quindio,Mercado Minorista Quindiano,4,0,5,1,0,C,130,7.5,7.86,1
La Clarita,Sur,3,0,5,1,1,B,180,29.0,29.9,1
Universidad Del Quindio,Terminal Del Sur,14,0,5,1,0,C,165,9.75,11.47,1
La Clarita,Estadio Centenario,23,0,4,0,1,B,171,19.0,20.25,1
El Bosque,Centro,5,0,0,0,0,B,65,8.0,8.18,1
Mercado Minorista Quindiano,Centro,14,0,0,0,0,B,76,8.0,9.65,1
Mercado Minorista Quindiano,Sur,21,0,4,0,1,A,183,21.0,19.53,1
Estadio Centenario,El Bosque,6,1,4,0,1,B,254,25.5,25.89,1
La Clarita,Centro,6,1,3,0,0,B,211,14.5,16.99,0
Centro,La Clarita,15,0,2,0,0,B,184,13.0,15.64,0
El Bosque,Terminal Del Sur,3,0,6,1,1,B,124,24.0,26.73,0
Universidad Del Quindio,Mercado Minorista Quindiano,7,1,0,0,0,C,244,9.0,11.24,0
Sur,Universidad Del Quindio,21,0,2,0,1,A,147,17.0,17.12,1
La Clarita,Universidad Del Quindio,1,0,3,0,1,C,173,15.75,17.06,1
Norte,La Clarita,22,0,3,0,1,B,139,24.0,22.4,1
Terminal Del Sur,Mercado Minorista Quindiano,7,1,0,0,0,C,295,6.75,6.42,1
El Bosque,Norte,19,1,1,0,1,B,487,20.5,23.01,0
Centro,Mercado Minorista Quindiano,21,0,0,0,0,B,139,8.0,7.43,1
La Clarita,Estadio Centenario,11,0,6,1,1,B,75,19.0,17.99,1
Sur,Norte,9,1,2,0,0,A,466,16.5,18.55,0
Sur,Universidad Del Quindio,12,0,4,0,1,A,117,17.0,18.69,1
Norte,Sur,14,0,6,1,0,A,114,15.0,17.72,0
Centro,Portal Del Quindio,16,0,6,1,0,A,106,7.0,11.42,0
La Clarita,Terminal Del Sur,14,0,6,1,1,B,75,19.0,21.95,0
Mercado Minorista Quindiano,Norte,16,0,1,0,1,B,101,19.0,17.05,1
Terminal Del Sur,Sur,8,1,2,0,1,C,360,21.75,20.06,1
Universidad Del Quindio,La Clarita,17,1,5,1,1,C,214,17.25,18.96,1
La Clarita,Universidad Del Quindio,20,0,5,1,1,C,87,15.75,14.28,1
Centro,Sur,21,0,5,1,0,A,95,11.0,12.22,1
Estadio Centenario,La Clarita,12,0,6,1,1,C,55,13.5,11.81,1
Mercado Minorista Quindiano,La Clarita,7,1,3,0,0,B,307,9.5,13.78,0
El Bosque,Portal Del Quindio,0,0,0,0,1,B,126,19.0,23.87,0
Centro,Norte,17,1,2,0,0,A,269,8.5,9.24,1
Sur,Universidad Del Quindio,8,1,3,0,1,A,247,18.5,23.16,0
Estadio Centenario,Mercado Minorista Quindiano,23,0,2,0,0,C,125,5.25,10.12,0
Estadio Centenario,Centro,10,0,4,0,1,C,68,13.5,14.56,1
El Bosque,Terminal Del Sur,22,0,6,1,1,B,183,24.0,23.5,1
Universidad Del Quindio,Portal Del Quindio,3,0,3,0,0,C,108,5.25,8.8,0
Terminal Del Sur,El Bosque,1,0,0,0,1,B,129,24.0,28.72,0
Universidad Del Quindio,Portal Del Quindio,1,0,1,0,0,C,190,5.25,8.55,0
Centro,Sur,9,1,5,1,0,A,293,12.5,15.53,0
Centro,Universidad Del Quindio,0,0,2,0,1,A,133,17.0,19.67,0
Sur,Universidad Del Quindio,23,0,1,0,1,A,135,17.0,20.4,0
Centro,La Clarita,11,0,0,0,0,B,85,13.0,16.85,0
La Clarita,Centro,4,0,3,0,0,B,153,13.0,17.48,0
Estadio Centenario,Terminal Del Sur,1,0,6,1,0,C,140,7.5,10.6,0
El Bosque,Terminal Del Sur,21,0,4,0,1,B,142,24.0,23.72,1
Sur,Terminal Del Sur,2,0,3,0,1,C,59,20.25,22.89,0
La Clarita,Estadio Centenario,3,0,0,0,1,B,83,19.0,18.08,1
Portal Del Quindio,Centro,18,1,0,0,0,A,292,8.5,6.81,1
Portal Del Quindio,Sur,6,1,0,0,0,A,316,8.5,10.95,0
Portal Del Quindio,Universidad Del Quindio,2,0,2,0,0,C,140,5.25,9.91,0
Norte,La Clarita,13,0,0,0,1,B,165,24.0,27.51,0
Estadio Centenario,La Clarita,19,1,4,0,1,C,313,15.0,15.51,1
Universidad Del Quindio,Estadio Centenario,0,0,1,0,0,C,197,5.25,9.39,0
Sur,Centro,19,1,6,1,0,A,402,12.5,14.04,1
Centro,El Bosque,8,1,0,0,0,B,392,9.5,9.1,1
Mercado Minorista Quindiano,Universidad Del Quindio,16,0,5,1,0,C,117,7.5,11.57,0
Estadio Centenario,Mercado Minorista Quindiano,4,0,2,0,0,C,198,5.25,7.19,1
Mercado Minorista Quindiano,Centro,2,0,3,0,0,B,196,8.0,11.31,0
Sur,La Clarita,12,0,3,0,1,A,120,25.0,26.01,1
Centro,Universidad Del Quindio,7,1,4,0,1,A,331,18.5,19.44,1
Universidad Del Quindio,Estadio Centenario,22,0,1,0,0,C,165,5.25,9.47,0
La Clarita,Sur,12,0,4,0,1,B,161,29.0,28.79,1
Estadio Centenario,Sur,18,1,6,1,1,C,470,17.25,15.48,1
Sur,Mercado Minorista Quindiano,2,0,4,0,1,A,160,21.0,22.22,1
Estadio Centenario,Norte,23,0,2,0,1,C,73,18.0,21.85,0
Centro,Estadio Centenario,23,0,1,0,1,B,83,19.0,22.77,0
Sur,El Bosque,16,0,6,1,1,A,165,21.0,19.32,1
Sur,Terminal Del Sur,22,0,4,0,1,C,111,20.25,18.51,1
La Clarita,Portal Del Quindio,8,1,0,0,1,B,387,25.5,27.63,0
La Clarita,Estadio Centenario,21,0,5,1,1,B,187,19.0,17.38,1
El Bosque,Centro,7,1,6,1,0,B,284,9.5,8.93,1
El Bosque,Portal Del Quindio,19,1,2,0,1,B,237,20.5,24.68,0
Estadio Centenario,El Bosque,18,1,6,1,1,B,368,25.5,27.98,0
Sur,El Bosque,4,0,4,0,1,A,99,21.0,21.96,1
Terminal Del Sur,Estadio Centenario,4,0,0,0,0,C,175,7.5,7.27,1
Centro,Estadio Centenario,15,0,2,0,1,B,88,19.0,24.0,0
Sur,Terminal Del Sur,15,0,5,1,1,C,198,20.25,21.0,1
Sur,La Clarita,7,1,0,0,1,A,486,26.5,27.16,1
Terminal Del Sur,Norte,9,1,1,0,1,C,361,24.0,22.14,1
Norte,Centro,8,1,0,0,0,A,209,8.5,13.17,0
Norte,El Bosque,21,0,0,0,1,A,97,17.0,17.53,1
Portal Del Quindio,Mercado Minorista Quindiano,19,1,6,1,0,C,301,11.25,14.25,0
Terminal Del Sur,Norte,16,0,0,0,1,C,100,22.5,25.46,0
Universidad Del Quindio,Estadio Centenario,3,0,0,0,0,C,137,5.25,9.78,0
El Bosque,Terminal Del Sur,1,0,6,1,1,B,172,24.0,27.0,0
Universidad Del Quindio,Portal Del Quindio,5,0,0,0,0,C,171,5.25,4.1,1
Mercado Minorista Quindiano,El Bosque,6,1,4,0,0,B,280,14.5,18.53,0
Universidad Del Quindio,Centro,1,0,2,0,1,C,122,13.5,11.86,1
Norte,Sur,12,0,5,1,0,A,101,15.0,15.35,1
Universidad Del Quindio,Mercado Minorista Quindiano,20,0,2,0,0,C,98,7.5,6.33,1
Universidad Del Quindio,Terminal Del Sur,11,0,6,1,0,C,114,9.75,10.8,1
Portal Del Quindio,La Clarita,16,0,2,0,1,B,149,24.0,25.38,1
Terminal Del Sur,Sur,3,0,1,0,1,C,92,20.25,18.36,1
La Clarita,Terminal Del Sur,19,1,2,0,1,B,488,20.5,18.58,1
La Clarita,Mercado Minorista Quindiano,13,0,1,0,0,B,181,8.0,9.06,1
Sur,La Clarita,23,0,2,0,1,A,183,25.0,26.51,1
Estadio Centenario,Terminal Del Sur,0,0,0,0,0,C,76,7.5,9.29,1
Centro,La Clarita,15,0,5,1,0,B,113,13.0,11.83,1
Portal Del Quindio,Universidad Del Quindio,2,0,2,0,0,C,172,5.25,6.03,1
Centro,El Bosque,10,0,1,0,0,B,144,8.0,11.66,0
Universidad Del Quindio,Portal Del Quindio,3,0,3,0,0,C,169,5.25,5.28,1
Sur,Centro,21,0,2,0,0,A,121,11.0,12.51,1
Norte,El Bosque,6,1,5,1,1,A,313,18.5,20.87,0
Mercado Minorista Quindiano,Terminal Del Sur,15,0,6,1,0,C,121,5.25,9.59,0
Portal Del Quindio,Sur,0,0,0,0,0,A,102,7.0,5.14,1
La Clarita,Terminal Del Sur,10,0,4,0,1,B,194,19.0,19.47,1
Portal Del Quindio,Sur,5,0,0,0,0,A,127,7.0,8.01,1
Universidad Del Quindio,Estadio Centenario,4,0,5,1,0,C,82,5.25,4.98,1
Universidad Del Quindio,Terminal Del Sur,17,1,0,0,0,C,396,11.25,14.05,0
El Bosque,Universidad Del Quindio,1,0,5,1,1,B,82,29.0,29.62,1
Norte,Centro,12,0,3,0,0,A,128,7.0,9.7,0
Mercado Minorista Quindiano,Estadio Centenario,22,0,5,1,0,C,177,5.25,8.72,0
Universidad Del Quindio,Portal Del Quindio,21,0,4,0,0,C,78,5.25,3.96,1
Portal Del Quindio,La Clarita,23,0,1,0,1,B,154,24.0,28.59,0
Norte,Terminal Del Sur,7,1,1,0,1,C,401,24.0,25.15,1
El Bosque,Universidad Del Quindio,16,0,1,0,1,B,118,29.0,33.79,0
Terminal Del Sur,Universidad Del Quindio,8,1,4,0,0,C,418,11.25,10.58,1
El Bosque,Estadio Centenario,16,0,3,0,1,B,180,24.0,22.52,1
Norte,Centro,9,1,1,0,0,A,407,8.5,9.88,1
Mercado Minorista Quindiano,Sur,1,0,3,0,1,A,71,21.0,22.85,1
El Bosque,La Clarita,10,0,6,1,0,B,69,18.0,16.54,1
Mercado Minorista Quindiano,La Clarita,8,1,5,1,0,B,283,9.5,12.37,0
Norte,Mercado Minorista Quindiano,2,0,6,1,1,A,102,17.0,18.87,1
Norte,Estadio Centenario,1,0,5,1,1,A,76,25.0,29.76,0
Portal Del Quindio,La Clarita,9,1,0,0,1,B,247,25.5,28.45,0
Estadio Centenario,El Bosque,5,0,0,0,1,B,108,24.0,25.68,1
Centro,Mercado Minorista Quindiano,1,0,4,0,0,B,132,8.0,7.22,1
Estadio Centenario,Universidad Del Quindio,9,1,4,0,0,C,349,6.75,11.36,0
Estadio Centenario,El Bosque,18,1,4,0,1,B,477,25.5,24.92,1
Terminal Del Sur,Centro,3,0,1,0,1,C,77,13.5,14.11,1
Sur,Centro,0,0,0,0,0,A,56,11.0,11.7,1
Mercado Minorista Quindiano,La Clarita,16,0,0,0,0,B,178,8.0,9.15,1
La Clarita,Estadio Centenario,9,1,3,0,1,B,245,20.5,23.58,0
La Clarita,Sur,9,1,5,1,1,B,344,30.5,35.34,0
Portal Del Quindio,Estadio Centenario,9,1,1,0,0,C,377,9.0,12.2,0
